data;horario;n_da_ocorrencia;tipo_de_ocorrencia;km;trecho;sentido;tipo_de_acidente;automovel;bicicleta;caminhao;moto;onibus;outros;tracao_animal;transporte_de_cargas_especiais;trator_maquinas;utilitarios;ilesos;levemente_feridos;moderadamente_feridos;gravemente_feridos;mortos
"19/06/2024";"06:59:00";"67";"Com vítima";"679,840";"BR-365/MG";"Decrescente";"Tombamento";0;0;0;0;0;1;0;0;0;0;0;1;0;0;0
"19/06/2024";"20:29:00";"396";"Sem vítima";"688,000";"BR-365/MG";"Decrescente";"Choque";1;0;0;0;0;0;0;0;0;0;1;0;0;0;0
"20/06/2024";"18:09:00";"359";"Sem vítima";"93,120";"BR-364/GO";"Crescente";"Choque";0;0;0;0;0;1;0;0;0;0;1;0;0;0;0
"21/06/2024";"01:26:00";"7";"Sem vítima";"701,500";"BR-365/MG";"Crescente";"Choque";0;0;0;0;0;0;0;0;0;1;2;0;0;0;0
"21/06/2024";"04:39:00";"33";"Sem vítima";"147,000";"BR-364/GO";"Crescente";"Choque";11;0;0;0;0;0;0;0;0;1;33;0;0;0;0
"21/06/2024";"08:50:00";"143";"Sem vítima";"645,600";"BR-365/MG";"Decrescente";"Colisão traseira";0;0;0;0;0;0;0;0;0;1;1;0;0;0;0
"22/06/2024";"01:13:00";"8";"Sem vítima";"721,000";"BR-365/MG";"Crescente";"Colisão traseira";1;0;0;0;0;1;0;0;0;0;2;0;0;0;0
"22/06/2024";"22:29:00";"343";"Sem vítima";"847,900";"BR-365/MG";"Decrescente";"Choque";1;0;0;0;0;0;0;0;0;0;2;0;0;0;0
"23/06/2024";"14:30:00";"204";"Com vítima";"747,539";"BR-365/MG";"Crescente";"Colisão frontal";0;0;0;1;0;1;0;0;0;0;1;0;0;0;1
"23/06/2024";"17:34:00";"258";"Sem vítima";"686,300";"BR-365/MG";"Decrescente";"Colisão traseira";0;0;0;0;0;1;0;0;0;0;1;0;0;0;0
"23/06/2024";"19:08:00";"283";"Sem vítima";"671,000";"BR-365/MG";"Decrescente";"Colisão lateral no mesmo sentido";1;0;0;0;0;0;0;0;0;0;2;0;0;0;0
"27/06/2024";"06:08:00";"38";"Sem vítima";"4,000";"BR-364/GO";"Decrescente";"Capotamento";1;0;0;0;0;0;0;0;0;0;1;0;0;0;0
"28/06/2024";"18:32:00";"317";"Com vítima";"751,000";"BR-365/MG";"Decrescente";"Colisão frontal";1;0;1;0;0;0;0;0;0;0;1;0;1;0;0
"28/06/2024";"19:56:00";"345";"Sem vítima";"709,072";"BR-365/MG";"Decrescente";"Atropelamento de pedestre";0;0;0;0;0;1;0;0;0;1;2;0;0;0;0
"29/06/2024";"18:00:00";"297";"Sem vítima";"653,400";"BR-365/MG";"Decrescente";"Queda de moto";0;0;0;1;0;0;0;0;0;0;1;0;0;0;0
"30/06/2024";"01:29:00";"13";"Com vítima";"632,559";"BR-365/MG";"Crescente";"Capotamento";0;0;0;0;0;0;0;0;0;1;1;2;0;0;0
"01/07/2024";"18:54:00";"327";"Com vítima";"852,700";"BR-365/MG";"Decrescente";"Atropelamento de animal";0;0;0;0;0;0;0;0;0;1;0;1;0;0;0
"03/07/2024";"15:12:00";"280";"Com vítima";"670,320";"BR-365/MG";"Crescente";"Capotamento";0;0;0;0;0;0;0;0;0;1;0;2;0;0;0
"04/07/2024";"15:18:00";"284";"Sem vítima";"89,000";"BR-364/GO";"Decrescente";"Colisão transversal";0;0;1;0;0;1;0;0;0;0;3;0;0;0;0
"05/07/2024";"14:55:00";"285";"Sem vítima";"670,500";"BR-365/MG";"Decrescente";"Colisão traseira";2;0;0;0;0;0;0;0;0;0;3;0;0;0;0
"06/07/2024";"21:42:00";"383";"Sem vítima";"53,800";"BR-364/GO";"Decrescente";"Choque";1;0;0;0;0;0;0;0;0;0;2;0;0;0;0
"07/07/2024";"04:51:00";"45";"Sem vítima";"163,000";"BR-364/GO";"Crescente";"Queda de moto";0;0;0;1;0;0;0;0;0;0;1;0;0;0;0
"07/07/2024";"05:55:00";"51";"Com vítima";"18,100";"BR-364/GO";"Decrescente";"Colisão lateral no mesmo sentido";1;0;0;0;0;0;0;0;0;1;2;1;0;0;0
"07/07/2024";"19:30:00";"291";"Sem vítima";"15,400";"BR-364/GO";"Decrescente";"Choque";0;0;0;0;0;1;0;0;0;0;1;0;0;0;0
"09/07/2024";"12:32:00";"239";"Com vítima";"746,810";"BR-365/MG";"Decrescente";"Colisão frontal";2;0;0;0;0;0;0;0;0;0;0;3;1;1;0
"09/07/2024";"17:37:00";"349";"Sem vítima";"754,600";"BR-365/MG";"Crescente";"Colisão traseira";1;0;1;0;0;0;0;0;0;0;2;0;0;0;0
"09/07/2024";"21:39:00";"410";"Sem vítima";"115,000";"BR-364/GO";"Crescente";"Choque";1;0;0;0;0;0;0;0;0;0;1;0;0;0;0
"10/07/2024";"09:27:00";"149";"Com vítima";"647,000";"BR-365/MG";"Decrescente";"Choque";1;0;0;0;0;0;0;0;0;0;2;1;0;0;0
"10/07/2024";"17:25:00";"308";"Com vítima";"701,600";"BR-365/MG";"Crescente";"Colisão traseira";0;0;0;0;0;1;0;0;0;1;1;1;0;0;0
"10/07/2024";"18:48:00";"335";"Sem vítima";"750,000";"BR-365/MG";"Decrescente";"Colisão lateral no mesmo sentido";1;0;0;0;0;1;0;0;0;0;2;0;0;0;0
"11/07/2024";"03:44:00";"29";"Com vítima";"103,000";"BR-364/GO";"Decrescente";"Atropelamento de animal";1;0;0;0;0;0;0;0;0;0;1;0;0;0;0
"11/07/2024";"05:22:00";"44";"Sem vítima";"672,440";"BR-365/MG";"Decrescente";"Choque";0;0;1;0;0;0;0;0;0;0;1;0;0;0;0
"11/07/2024";"08:02:00";"116";"Com vítima";"705,400";"BR-365/MG";"Decrescente";"Colisão lateral no mesmo sentido";1;0;1;0;0;0;0;0;0;0;3;1;0;0;0
"12/07/2024";"08:55:00";"144";"Sem vítima";"701,200";"BR-365/MG";"Decrescente";"Choque";1;0;0;0;0;0;0;0;0;0;1;0;0;0;0
"12/07/2024";"17:36:00";"455";"Com vítima";"69,200";"BR-364/GO";"Crescente";"Colisão traseira";1;0;0;0;0;0;0;0;0;1;2;0;0;0;0
"13/07/2024";"15:34:00";"259";"Com vítima";"846,900";"BR-365/MG";"Crescente";"Colisão transversal";0;0;0;0;0;1;0;0;0;1;1;0;2;0;0
"13/07/2024";"18:17:00";"307";"Sem vítima";"192,000";"BR-364/GO";"Crescente";"Colisão lateral no mesmo sentido";0;0;0;0;0;2;0;0;0;0;2;0;0;0;0
"13/07/2024";"21:27:00";"358";"Com vítima";"27,900";"BR-364/GO";"Crescente";"Atropelamento de animal";1;0;0;0;0;0;0;0;0;0;1;0;0;0;0
"14/07/2024";"01:33:00";"10";"Com vítima";"650,000";"BR-365/MG";"Crescente";"Choque";1;0;0;0;0;0;0;0;0;0;1;0;1;0;0
"14/07/2024";"05:56:00";"35";"Com vítima";"671,182";"BR-365/MG";"Crescente";"Choque";1;0;0;0;0;0;0;0;0;0;0;1;0;0;0
"14/07/2024";"06:28:00";"38";"Sem vítima";"639,620";"BR-365/MG";"Decrescente";"Choque";1;0;0;0;0;0;0;0;0;0;4;0;0;0;0
"14/07/2024";"16:36:00";"229";"Com vítima";"137,000";"BR-364/GO";"Crescente";"Choque";0;0;0;0;0;1;0;0;0;0;0;1;0;0;0
"14/07/2024";"17:54:00";"257";"Com vítima";"680,900";"BR-365/MG";"Decrescente";"Capotamento";1;0;0;0;0;0;0;0;0;0;0;1;0;0;0
"15/07/2024";"12:41:00";"236";"Sem vítima";"704,350";"BR-365/MG";"Decrescente";"Choque";0;0;0;0;0;1;0;0;0;0;1;0;0;0;0
"15/07/2024";"21:34:00";"389";"Com vítima";"30,000";"BR-364/GO";"Decrescente";"Atropelamento de animal";0;0;0;0;0;0;0;0;0;1;1;1;0;0;0
"16/07/2024";"19:43:00";"322";"Com vítima";"61,150";"BR-364/GO";"Crescente";"Colisão traseira";1;0;1;0;0;0;0;0;0;0;1;1;0;0;0
"16/07/2024";"20:07:00";"331";"Sem vítima";"776,790";"BR-365/MG";"Crescente";"Choque";1;0;0;0;0;0;0;0;0;0;2;0;0;0;0
"17/07/2024";"22:34:00";"391";"Sem vítima";"56,200";"BR-364/GO";"Crescente";"Atropelamento de animal";0;0;0;0;0;1;0;0;0;0;1;0;0;0;0
"18/07/2024";"03:41:00";"33";"Sem vítima";"38,890";"BR-364/GO";"Decrescente";"Choque";1;0;0;0;0;0;0;0;0;0;1;0;0;0;0
"18/07/2024";"19:08:00";"382";"Sem vítima";"758,600";"BR-365/MG";"Decrescente";"Atropelamento de animal";0;0;0;0;0;0;0;0;0;1;1;0;0;0;0
"19/07/2024";"11:10:00";"193";"Sem vítima";"653,700";"BR-365/MG";"Decrescente";"Choque";0;0;0;0;0;0;0;0;0;1;2;0;0;0;0
"19/07/2024";"18:41:00";"356";"Sem vítima";"749,500";"BR-365/MG";"Decrescente";"Colisão lateral no mesmo sentido";0;0;0;0;0;2;0;0;0;0;2;0;0;0;0
"20/07/2024";"05:21:00";"26";"Com vítima";"814,100";"BR-365/MG";"Crescente";"Colisão lateral em sentido contrário";1;0;0;0;0;1;0;0;0;0;1;0;1;0;0
"20/07/2024";"14:42:00";"239";"Sem vítima";"682,710";"BR-365/MG";"Decrescente";"Choque";1;0;0;0;0;0;0;0;0;0;1;0;0;0;0
"21/07/2024";"06:51:00";"39";"Sem vítima";"760,220";"BR-365/MG";"Crescente";"Choque";1;0;0;0;0;0;0;0;0;0;1;0;0;0;0
"21/07/2024";"07:08:00";"46";"Sem vítima";"667,000";"BR-365/MG";"Decrescente";"Choque";0;0;0;0;0;0;0;0;0;1;1;0;0;0;0
"21/07/2024";"07:28:00";"58";"Com vítima";"752,870";"BR-365/MG";"Decrescente";"Colisão frontal";2;0;0;0;0;0;0;0;0;0;1;1;0;0;0
"21/07/2024";"18:25:00";"265";"Sem vítima";"634,980";"BR-365/MG";"Decrescente";"Engavetamento";3;0;0;0;0;0;0;0;0;0;10;0;0;0;0
"21/07/2024";"20:15:00";"300";"Sem vítima";"633,000";"BR-365/MG";"Decrescente";"Colisão traseira";1;0;0;0;0;1;0;0;0;0;2;0;0;0;0
"21/07/2024";"22:32:00";"333";"Sem vítima";"752,000";"BR-365/MG";"Decrescente";"Colisão traseira";2;0;0;0;0;0;0;0;0;0;6;0;0;0;0
"22/07/2024";"08:56:00";"159";"Sem vítima";"749,000";"BR-365/MG";"Decrescente";"Colisão lateral em sentido contrário";1;0;1;0;0;0;0;0;0;0;3;0;0;0;0
"23/07/2024";"12:22:00";"227";"Sem vítima";"93,120";"BR-364/GO";"Crescente";"Colisão traseira";1;0;0;0;0;1;0;0;0;0;5;0;0;0;0
"23/07/2024";"15:40:00";"275";"Sem vítima";"829,750";"BR-365/MG";"Decrescente";"Colisão traseira";0;0;0;0;0;1;0;0;0;1;2;0;0;0;0
"24/07/2024";"06:32:00";"38";"Com vítima";"664,400";"BR-365/MG";"Crescente";"Colisão traseira";0;0;1;0;0;1;0;0;0;0;1;1;0;0;1
"24/07/2024";"13:31:00";"240";"Sem vítima";"729,000";"BR-365/MG";"Crescente";"Colisão traseira";1;0;0;0;0;1;0;0;0;0;2;0;0;0;0
"25/07/2024";"07:37:00";"88";"Com vítima";"704,700";"BR-365/MG";"Decrescente";"Colisão traseira";0;0;2;0;0;0;0;0;0;0;4;0;1;0;0
"25/07/2024";"16:30:00";"375";"Sem vítima";"628,000";"BR-365/MG";"Decrescente";"Acidentes de outra natureza";1;0;0;0;0;0;0;0;0;0;3;0;0;0;0
"25/07/2024";"19:15:00";"428";"Com vítima";"626,510";"BR-365/MG";"Crescente";"Queda de moto";0;0;0;1;0;0;0;0;0;0;0;1;0;0;0
"25/07/2024";"21:58:00";"468";"Com vítima";"22,100";"BR-364/GO";"Decrescente";"Atropelamento de animal";1;0;0;0;0;0;0;0;0;0;1;0;0;0;0
"27/07/2024";"08:09:00";"70";"Sem vítima";"646,650";"BR-365/MG";"Decrescente";"Choque";1;0;0;0;0;0;0;0;0;0;2;0;0;0;0
"27/07/2024";"18:42:00";"267";"Com vítima";"4,025";"BR-364/GO";"Decrescente";"Colisão lateral em sentido contrário";0;0;0;0;0;1;0;0;0;1;1;1;0;0;0
"28/07/2024";"13:50:00";"182";"Com vítima";"672,200";"BR-365/MG";"Crescente";"Capotamento";1;0;0;0;0;0;0;0;0;0;0;2;0;0;0
"28/07/2024";"15:22:00";"213";"Com vítima";"1,100";"BR-364/GO";"Decrescente";"Tombamento";0;0;0;0;0;1;0;0;0;0;0;1;0;0;0
"28/07/2024";"22:53:00";"336";"Com vítima";"684,000";"BR-365/MG";"Crescente";"Choque";0;0;0;0;0;0;0;0;0;1;1;3;0;0;0
"29/07/2024";"00:20:00";"5";"Sem vítima";"765,980";"BR-365/MG";"Decrescente";"Choque";1;0;0;0;0;0;0;0;0;0;1;0;0;0;0
"29/07/2024";"02:04:00";"20";"Com vítima";"760,000";"BR-365/MG";"Crescente";"Choque";1;0;0;0;0;0;0;0;0;0;0;1;0;0;0
"29/07/2024";"09:59:00";"196";"Sem vítima";"647,300";"BR-365/MG";"Crescente";"Colisão lateral no mesmo sentido";1;0;0;0;0;1;0;0;0;0;2;0;0;0;0
"29/07/2024";"11:47:00";"244";"Com vítima";"658,000";"BR-365/MG";"Decrescente";"Capotamento";1;0;0;0;0;0;0;0;0;0;0;0;1;0;0
"29/07/2024";"16:33:00";"338";"Com vítima";"661,900";"BR-365/MG";"Decrescente";"Choque";0;0;0;0;0;0;0;0;0;1;0;0;1;0;0
"29/07/2024";"22:51:00";"438";"Com vítima";"684,560";"BR-365/MG";"Crescente";"Atropelamento de animal";0;0;0;0;0;1;0;0;0;0;1;0;0;0;0
"30/07/2024";"00:07:00";"4";"Sem vítima";"113,000";"BR-364/GO";"Crescente";"Choque";1;0;0;0;0;0;0;0;0;0;4;0;0;0;0
"30/07/2024";"04:41:00";"33";"Com vítima";"689,530";"BR-365/MG";"Crescente";"Colisão traseira";0;0;1;0;0;1;0;0;0;0;2;1;0;0;0
"31/07/2024";"17:19:00";"283";"Sem vítima";"30,100";"BR-364/GO";"Crescente";"Choque";0;0;0;0;0;0;0;0;1;0;1;0;0;0;0
"01/08/2024";"02:11:00";"11";"Sem vítima";"757,020";"BR-365/MG";"Crescente";"Colisão transversal";1;0;0;0;0;1;0;0;0;0;2;0;0;0;0
"01/08/2024";"05:50:00";"36";"Sem vítima";"626,240";"BR-365/MG";"Crescente";"Choque";1;0;0;0;0;0;0;0;0;0;1;0;0;0;0
"02/08/2024";"16:33:00";"303";"Com vítima";"718,100";"BR-365/MG";"Crescente";"Tombamento";1;0;0;0;0;1;0;0;0;0;2;1;0;0;0
"02/08/2024";"17:44:00";"324";"Sem vítima";"46,000";"BR-364/GO";"Decrescente";"Colisão traseira";0;0;0;0;0;1;0;0;0;1;2;0;0;0;0
"02/08/2024";"19:12:00";"353";"Com vítima";"79,100";"BR-364/GO";"Crescente";"Colisão lateral em sentido contrário";1;0;0;0;0;0;0;0;0;1;4;1;1;0;0
"03/08/2024";"04:53:00";"22";"Com vítima";"718,470";"BR-365/MG";"Decrescente";"Capotamento";0;0;0;0;0;0;0;0;0;1;0;1;0;0;0
"03/08/2024";"07:23:00";"64";"Sem vítima";"114,000";"BR-364/GO";"Crescente";"Colisão transversal";0;0;0;0;0;2;0;0;0;0;2;0;0;0;0
"03/08/2024";"19:56:00";"303";"Sem vítima";"754,880";"BR-365/MG";"Crescente";"Colisão traseira";2;0;0;0;0;0;0;0;0;0;2;0;0;0;0
"04/08/2024";"03:35:00";"28";"Sem vítima";"661,000";"BR-365/MG";"Crescente";"Tombamento";0;0;0;0;0;1;0;0;0;0;1;0;0;0;0
"05/08/2024";"21:08:00";"344";"Sem vítima";"788,800";"BR-365/MG";"Crescente";"Atropelamento de animal";1;0;0;0;0;0;0;0;0;0;3;0;0;0;0
"06/08/2024";"11:46:00";"189";"Com vítima";"675,250";"BR-365/MG";"Decrescente";"Choque";1;0;0;0;0;0;0;0;0;0;0;0;2;0;0
"06/08/2024";"17:20:00";"287";"Sem vítima";"706,600";"BR-365/MG";"Decrescente";"Tombamento";0;0;0;0;0;1;0;0;0;0;1;0;0;0;0
"06/08/2024";"19:15:00";"320";"Sem vítima";"21,300";"BR-364/GO";"Decrescente";"Choque";1;0;0;0;0;0;0;0;0;0;1;0;0;0;0
"06/08/2024";"22:53:00";"374";"Com vítima";"86,360";"BR-364/GO";"Decrescente";"Choque";0;0;0;0;0;0;0;0;0;1;1;0;0;0;0
"08/08/2024";"22:10:00";"377";"Sem vítima";"696,000";"BR-365/MG";"Crescente";"Choque";1;0;0;0;0;0;0;0;0;0;2;0;0;0;0
"09/08/2024";"00:51:00";"6";"Sem vítima";"753,000";"BR-365/MG";"Crescente";"Colisão lateral em sentido contrário";1;0;0;0;0;1;0;0;0;0;2;0;0;0;0
"09/08/2024";"16:15:00";"281";"Sem vítima";"639,500";"BR-365/MG";"Crescente";"Colisão traseira";2;0;0;0;0;0;0;0;0;0;4;0;0;0;0
"11/08/2024";"07:00:00";"47";"Sem vítima";"749,000";"BR-365/MG";"Decrescente";"Choque";0;0;0;0;0;2;0;0;0;0;2;0;0;0;0
"11/08/2024";"18:03:00";"252";"Sem vítima";"58,900";"BR-364/GO";"Crescente";"Choque";1;0;0;0;0;0;0;0;0;0;2;0;0;0;0
"13/08/2024";"19:30:00";"327";"Com vítima";"830,000";"BR-365/MG";"Decrescente";"Atropelamento de animal";0;0;0;1;0;0;0;0;0;0;0;1;0;0;0
"14/08/2024";"16:03:00";"294";"Sem vítima";"12,000";"BR-364/GO";"Crescente";"Choque";1;0;0;0;0;0;0;0;0;0;1;0;0;0;0
"14/08/2024";"16:37:00";"314";"Sem vítima";"12,000";"BR-364/GO";"Crescente";"Colisão traseira";1;0;0;0;0;0;0;0;0;1;2;0;0;0;0
"15/08/2024";"01:13:00";"16";"Com vítima";"660,100";"BR-365/MG";"Crescente";"Capotamento";1;0;0;0;0;0;0;0;0;0;0;1;0;0;0
"15/08/2024";"06:55:00";"75";"Com vítima";"633,033";"BR-365/MG";"Crescente";"Queda de bicicleta";0;1;0;0;0;0;0;0;0;0;0;0;0;0;0
"15/08/2024";"08:19:00";"125";"Com vítima";"51,600";"BR-364/GO";"Decrescente";"Acidentes de outra natureza";1;0;0;0;0;0;0;0;0;0;2;1;0;0;0
"16/08/2024";"06:47:00";"41";"Com vítima";"667,800";"BR-365/MG";"Decrescente";"Choque";1;0;0;0;0;0;0;0;0;0;1;0;1;0;0
"16/08/2024";"23:30:00";"404";"Sem vítima";"147,000";"BR-364/GO";"Crescente";"Atropelamento de animal";0;0;1;0;0;0;0;0;0;0;1;0;0;0;0
"17/08/2024";"14:51:00";"186";"Sem vítima";"15,000";"BR-364/GO";"Decrescente";"Capotamento";1;0;0;0;0;0;0;0;0;0;2;0;0;0;0
"18/08/2024";"05:12:00";"28";"Com vítima";"638,770";"BR-365/MG";"Decrescente";"Choque";1;0;0;0;0;0;0;0;0;0;0;1;0;0;0
"18/08/2024";"17:26:00";"270";"Sem vítima";"751,600";"BR-365/MG";"Crescente";"Choque";1;0;0;0;0;0;0;0;0;0;2;0;0;0;0
"19/08/2024";"06:41:00";"48";"Sem vítima";"666,480";"BR-365/MG";"Decrescente";"Colisão transversal";2;0;0;0;0;0;0;0;0;0;2;0;0;0;0
"20/08/2024";"06:47:00";"69";"Sem vítima";"742,850";"BR-365/MG";"Decrescente";"Choque";1;0;0;0;0;0;0;0;0;0;1;0;0;0;0
"20/08/2024";"06:57:00";"78";"Sem vítima";"631,000";"BR-365/MG";"Decrescente";"Atropelamento de animal";0;0;0;0;0;0;0;0;0;1;1;0;0;0;0
"20/08/2024";"11:40:00";"212";"Sem vítima";"646,500";"BR-365/MG";"Decrescente";"Colisão traseira";1;0;1;0;0;0;0;0;0;0;2;0;0;0;0
"21/08/2024";"17:30:00";"282";"Sem vítima";"687,700";"BR-365/MG";"Crescente";"Tombamento";0;0;0;0;0;1;0;0;0;0;1;0;0;0;0
"22/08/2024";"05:29:00";"18";"Com vítima";"666,920";"BR-365/MG";"Decrescente";"Atropelamento de animal";0;0;1;0;0;0;0;0;0;0;2;0;0;0;0
"23/08/2024";"09:41:00";"160";"Sem vítima";"674,000";"BR-365/MG";"Decrescente";"Choque";1;0;0;0;0;0;0;0;0;0;1;0;0;0;0
"23/08/2024";"20:32:00";"380";"Com vítima";"97,800";"BR-364/GO";"Crescente";"Atropelamento de animal";1;0;0;0;0;0;0;0;0;0;4;0;0;0;0
"24/08/2024";"23:55:00";"389";"Com vítima";"3,560";"BR-364/GO";"Crescente";"Colisão lateral em sentido contrário";2;0;0;0;0;0;0;0;0;0;1;1;0;0;0
"25/08/2024";"04:59:00";"38";"Com vítima";"756,267";"BR-365/MG";"Crescente";"Choque";0;0;0;0;0;0;0;0;0;1;0;0;0;1;0
"26/08/2024";"00:49:00";"7";"Com vítima";"147,200";"BR-364/GO";"Decrescente";"Capotamento";1;0;0;0;0;0;0;0;0;0;0;1;0;0;0
"26/08/2024";"01:43:00";"12";"Com vítima";"684,000";"BR-365/MG";"Crescente";"Atropelamento de animal";0;0;0;0;0;1;0;0;0;0;1;0;0;0;0
"26/08/2024";"13:45:00";"250";"Com vítima";"52,970";"BR-364/GO";"Decrescente";"Colisão frontal";1;0;0;0;0;0;0;0;0;1;0;0;2;0;1
"27/08/2024";"09:53:00";"167";"Sem vítima";"707,000";"BR-365/MG";"Crescente";"Choque";1;0;0;0;0;0;0;0;0;0;1;0;0;0;0
"27/08/2024";"19:10:00";"374";"Sem vítima";"21,600";"BR-364/GO";"Decrescente";"Tombamento";0;0;1;0;0;0;0;0;0;0;1;0;0;0;0
"27/08/2024";"20:10:00";"389";"Com vítima";"754,000";"BR-365/MG";"Crescente";"Choque";0;0;0;0;0;0;0;0;0;1;1;1;0;0;0
"28/08/2024";"13:19:00";"233";"Sem vítima";"153,094";"BR-364/GO";"Decrescente";"Tombamento";0;0;1;0;0;0;0;0;0;0;1;0;0;0;0
"29/08/2024";"01:11:00";"13";"Sem vítima";"705,550";"BR-365/MG";"Decrescente";"Colisão traseira";0;0;1;0;0;1;0;0;0;0;2;0;0;0;0
"29/08/2024";"18:17:00";"316";"Sem vítima";"700,100";"BR-365/MG";"Crescente";"Queda de moto";0;0;0;1;0;0;0;0;0;0;1;0;0;0;0
"29/08/2024";"21:51:00";"368";"Sem vítima";"844,080";"BR-365/MG";"Crescente";"Atropelamento de animal";0;0;0;0;0;1;0;0;0;0;2;0;0;0;0
"30/08/2024";"08:18:00";"101";"Sem vítima";"113,000";"BR-364/GO";"Decrescente";"Tombamento";0;0;0;0;0;1;0;0;0;0;1;0;0;0;0
"31/08/2024";"03:33:00";"29";"Sem vítima";"664,100";"BR-365/MG";"Decrescente";"Choque";1;0;0;0;0;0;0;0;0;0;1;0;0;0;0
"31/08/2024";"09:32:00";"122";"Sem vítima";"723,000";"BR-365/MG";"Crescente";"Choque";0;0;0;0;0;0;0;0;0;1;2;0;0;0;0
"01/09/2024";"00:50:00";"8";"Sem vítima";"834,000";"BR-365/MG";"Decrescente";"Choque";1;0;0;0;0;0;0;0;0;0;2;0;0;0;0
"01/09/2024";"04:28:00";"28";"Sem vítima";"660,050";"BR-365/MG";"Decrescente";"Choque";1;0;0;0;0;0;0;0;0;0;3;0;0;0;0
"01/09/2024";"16:17:00";"186";"Sem vítima";"699,100";"BR-365/MG";"Crescente";"Choque";1;0;0;0;0;0;0;0;0;0;1;0;0;0;0
"01/09/2024";"18:22:00";"220";"Sem vítima";"750,000";"BR-365/MG";"Crescente";"Colisão traseira";1;0;0;0;0;0;0;0;0;1;5;0;0;0;0
"01/09/2024";"22:01:00";"289";"Com vítima";"859,250";"BR-365/MG";"Crescente";"Atropelamento de animal";1;0;0;0;0;0;0;0;0;0;4;0;0;0;0
"02/09/2024";"06:00:00";"33";"Com vítima";"704,000";"BR-365/MG";"Crescente";"Choque";0;0;0;1;0;1;0;0;0;0;1;1;0;0;0
"03/09/2024";"14:50:00";"262";"Com vítima";"137,400";"BR-364/GO";"Decrescente";"Tombamento";0;0;0;0;0;1;0;0;0;0;0;1;0;0;0
"03/09/2024";"18:26:00";"334";"Com vítima";"16,000";"BR-364/GO";"Crescente";"Colisão lateral no mesmo sentido";1;0;0;1;0;0;0;0;0;0;1;1;0;0;0
"05/09/2024";"04:31:00";"29";"Com vítima";"148,420";"BR-364/GO";"Crescente";"Atropelamento de animal";1;0;0;0;0;0;0;0;0;0;5;0;0;0;0
"05/09/2024";"15:58:00";"315";"Sem vítima";"773,050";"BR-365/MG";"Decrescente";"Choque";0;0;0;0;0;0;0;0;0;1;1;0;0;0;0
"06/09/2024";"01:10:00";"7";"Com vítima";"156,800";"BR-364/GO";"Crescente";"Choque";0;0;0;0;0;1;0;0;0;0;0;1;0;0;0
"06/09/2024";"22:22:00";"432";"Sem vítima";"843,630";"BR-365/MG";"Crescente";"Atropelamento de animal";1;0;0;0;0;0;0;0;0;0;3;0;0;0;0
"07/09/2024";"03:30:00";"25";"Sem vítima";"48,000";"BR-364/GO";"Crescente";"Choque";1;0;0;0;0;0;0;0;0;0;1;0;0;0;0
"08/09/2024";"00:27:00";"3";"Sem vítima";"8,000";"BR-364/GO";"Crescente";"Choque";1;0;0;0;0;0;0;0;0;0;1;0;0;0;0
"08/09/2024";"14:40:00";"205";"Com vítima";"16,400";"BR-364/GO";"Decrescente";"Colisão transversal";0;0;0;1;0;0;0;0;0;1;5;1;1;0;0
"08/09/2024";"16:56:00";"261";"Com vítima";"651,440";"BR-365/MG";"Decrescente";"Capotamento";1;0;0;0;0;0;0;0;0;0;1;2;0;0;0
"08/09/2024";"23:08:00";"368";"Com vítima";"52,900";"BR-364/GO";"Crescente";"Queda de moto";0;0;0;1;0;0;0;0;0;0;1;1;0;0;0
"09/09/2024";"16:21:00";"286";"Sem vítima";"867,070";"BR-365/MG";"Decrescente";"Tombamento";0;0;0;0;0;2;0;0;0;0;2;0;0;0;0
"09/09/2024";"20:42:00";"340";"Com vítima";"97,140";"BR-364/GO";"Decrescente";"Atropelamento de animal";1;0;0;0;0;0;0;0;0;0;1;0;0;0;0
"10/09/2024";"23:30:00";"367";"Sem vítima";"99,600";"BR-364/GO";"Crescente";"Tombamento";0;0;0;0;0;2;0;0;0;0;1;0;0;0;0
"12/09/2024";"08:25:00";"120";"Com vítima";"747,000";"BR-365/MG";"Decrescente";"Queda de moto";0;0;0;1;0;0;0;0;0;0;0;1;0;0;0