data;horario;n_da_ocorrencia;tipo_de_ocorrencia;km;trecho;sentido;tipo_de_acidente;automovel;bicicleta;caminhao;moto;onibus;outros;tracao_animal;transporte_de_cargas_especiais;trator_maquinas;utilitarios;ilesos;levemente_feridos;moderadamente_feridos;gravemente_feridos;mortos
"29/11/2024";"19:13:00";"368";"Sem vítima";"666,250";"BR-365/MG";"Decrescente";"Colisão traseira";0;0;0;0;0;2;0;0;0;0;2;0;0;0;0
"30/11/2024";"18:47:00";"338";"Sem vítima";"626,290";"BR-365/MG";"Crescente";"Colisão transversal";1;0;0;0;0;1;0;0;0;0;2;0;0;0;0
"30/11/2024";"20:32:00";"368";"Com vítima";"842,870";"BR-365/MG";"Decrescente";"Atropelamento de animal";0;0;0;0;1;0;0;0;0;0;21;0;0;0;0
"01/12/2024";"03:21:00";"23";"Com vítima";"173,300";"BR-364/GO";"Crescente";"Choque";1;0;0;0;0;0;0;0;0;0;0;1;1;0;0
"01/12/2024";"15:41:00";"192";"Sem vítima";"706,500";"BR-365/MG";"Crescente";"Queda de moto";0;0;0;1;0;0;0;0;0;0;1;0;0;0;0
"01/12/2024";"23:01:00";"305";"Sem vítima";"152,860";"BR-364/GO";"Crescente";"Tombamento";0;0;1;0;0;0;0;0;0;0;1;0;0;0;0
"02/12/2024";"16:09:00";"312";"Sem vítima";"695,150";"BR-365/MG";"Crescente";"Capotamento";1;0;0;0;0;0;0;0;0;0;1;0;0;0;0
"02/12/2024";"16:12:00";"314";"Sem vítima";"177,900";"BR-364/GO";"Crescente";"Capotamento";1;0;0;0;0;0;0;0;0;0;2;0;0;0;0
"02/12/2024";"18:17:00";"341";"Sem vítima";"645,500";"BR-365/MG";"Decrescente";"Colisão traseira";0;0;1;0;0;0;0;0;0;1;3;0;0;0;0
"03/12/2024";"13:43:00";"237";"Sem vítima";"89,120";"BR-364/GO";"Crescente";"Colisão lateral no mesmo sentido";0;0;0;0;0;1;0;0;0;1;2;0;0;0;0
"03/12/2024";"15:52:00";"273";"Sem vítima";"835,950";"BR-365/MG";"Decrescente";"Choque";1;0;0;0;0;0;0;0;0;0;4;0;0;0;0
"04/12/2024";"12:31:00";"252";"Com vítima";"866,200";"BR-365/MG";"Crescente";"Engavetamento";2;0;0;0;0;1;0;0;0;1;2;1;1;1;3
"05/12/2024";"05:35:00";"31";"Sem vítima";"861,000";"BR-365/MG";"Crescente";"Acidentes de outra natureza";1;0;0;0;0;0;0;0;0;0;2;0;0;0;0
"05/12/2024";"21:22:00";"391";"Com vítima";"827,000";"BR-365/MG";"Decrescente";"Atropelamento de animal";1;0;0;0;0;0;0;0;0;0;5;0;0;0;0
"06/12/2024";"02:08:00";"16";"Com vítima";"680,500";"BR-365/MG";"Decrescente";"Capotamento";1;0;0;0;0;0;0;0;0;0;0;1;0;0;0
"06/12/2024";"04:30:00";"27";"Com vítima";"731,800";"BR-365/MG";"Decrescente";"Colisão lateral em sentido contrário";1;0;1;0;0;1;0;0;0;0;3;1;0;0;0
"06/12/2024";"22:13:00";"402";"Sem vítima";"1,500";"BR-364/GO";"Decrescente";"Choque";0;0;0;0;0;1;0;0;0;0;1;0;0;0;0
"08/12/2024";"22:27:00";"314";"Sem vítima";"7,100";"BR-364/GO";"Decrescente";"Choque";1;0;0;0;0;0;0;0;0;0;1;0;0;0;0
"09/12/2024";"00:35:00";"2";"Com vítima";"181,400";"BR-364/GO";"Crescente";"Atropelamento de animal";1;0;0;0;0;0;0;0;0;0;2;0;0;0;0
"10/12/2024";"20:19:00";"336";"Sem vítima";"817,100";"BR-365/MG";"Crescente";"Atropelamento de animal";0;0;0;0;0;0;0;0;0;1;2;0;0;0;0
"12/12/2024";"01:13:00";"7";"Sem vítima";"647,409";"BR-365/MG";"Decrescente";"Colisão traseira";0;0;1;0;0;1;0;0;0;0;2;0;0;0;0
"13/12/2024";"00:00:00";"1";"Sem vítima";"841,710";"BR-365/MG";"Decrescente";"Colisão transversal";0;0;1;0;0;0;0;0;0;1;3;0;0;0;0
"13/12/2024";"08:00:00";"113";"Com vítima";"20,300";"BR-364/GO";"Crescente";"Colisão lateral no mesmo sentido";0;0;1;1;0;0;0;0;0;0;1;1;0;0;0
"13/12/2024";"13:35:00";"283";"Sem vítima";"710,000";"BR-365/MG";"Decrescente";"Capotamento";0;0;1;0;0;0;0;0;0;0;2;0;0;0;0
"13/12/2024";"23:47:00";"464";"Sem vítima";"670,720";"BR-365/MG";"Decrescente";"Atropelamento de animal";0;0;0;0;0;1;0;0;0;1;2;0;0;0;0
"14/12/2024";"04:58:00";"40";"Sem vítima";"797,300";"BR-365/MG";"Decrescente";"Atropelamento de animal";0;0;0;0;0;0;0;0;0;1;4;0;0;0;0
"14/12/2024";"07:52:00";"99";"Com vítima";"738,000";"BR-365/MG";"Crescente";"Capotamento";1;0;0;0;0;0;0;0;0;0;0;1;0;0;0
"15/12/2024";"17:32:00";"235";"Sem vítima";"108,100";"BR-364/GO";"Crescente";"Choque";1;0;0;0;0;0;0;0;0;0;5;0;0;0;0
"17/12/2024";"21:52:00";"409";"Sem vítima";"88,500";"BR-364/GO";"Decrescente";"Acidentes de outra natureza";1;0;0;0;0;0;0;0;0;0;1;0;0;0;0
"18/12/2024";"21:55:00";"437";"Com vítima";"662,300";"BR-365/MG";"Crescente";"Choque";1;0;0;0;0;0;0;0;0;0;2;0;1;0;0
"19/12/2024";"10:47:00";"220";"Sem vítima";"704,350";"BR-365/MG";"Decrescente";"Choque";0;0;0;0;0;1;0;0;0;0;1;0;0;0;0
"19/12/2024";"12:41:00";"260";"Sem vítima";"32,950";"BR-364/GO";"Crescente";"Choque";0;0;0;0;0;1;0;0;0;0;1;0;0;0;0
"19/12/2024";"18:19:00";"379";"Com vítima";"670,800";"BR-365/MG";"Crescente";"Capotamento";0;0;0;0;0;0;0;0;0;1;0;1;0;0;0
"19/12/2024";"22:05:00";"441";"Com vítima";"667,460";"BR-365/MG";"Crescente";"Colisão traseira";0;0;0;0;0;1;0;0;0;1;1;1;0;0;0
"19/12/2024";"22:19:00";"444";"Sem vítima";"855,900";"BR-365/MG";"Decrescente";"Atropelamento de animal";1;0;0;0;0;0;0;0;0;0;2;0;0;0;0
"20/12/2024";"17:00:00";"354";"Com vítima";"780,000";"BR-365/MG";"Decrescente";"Engavetamento";0;0;1;0;0;2;0;0;0;1;4;1;0;0;0
"21/12/2024";"07:55:00";"115";"Sem vítima";"59,600";"BR-364/GO";"Decrescente";"Tombamento";0;0;0;0;0;1;0;0;0;0;1;0;0;0;0
"21/12/2024";"14:11:00";"253";"Com vítima";"671,540";"BR-365/MG";"Decrescente";"Choque";0;0;1;0;0;0;0;0;0;0;2;1;0;0;0
"21/12/2024";"16:58:00";"310";"Sem vítima";"630,000";"BR-365/MG";"Decrescente";"Choque";1;0;0;0;0;0;0;0;0;0;5;0;0;0;0
"21/12/2024";"19:35:00";"369";"Com vítima";"113,000";"BR-364/GO";"Crescente";"Atropelamento de pedestre";0;1;0;0;0;1;0;0;0;0;1;0;0;0;0
"22/12/2024";"13:33:00";"201";"Com vítima";"635,700";"BR-365/MG";"Crescente";"Capotamento";0;0;0;0;0;0;0;0;0;1;0;2;0;0;0
"23/12/2024";"03:04:00";"15";"Com vítima";"805,000";"BR-365/MG";"Crescente";"Atropelamento de animal";1;0;0;0;0;0;0;0;0;0;3;0;0;0;0
"23/12/2024";"04:20:00";"24";"Sem vítima";"673,600";"BR-365/MG";"Decrescente";"Choque";0;0;0;0;1;0;0;0;0;0;43;0;0;0;0
"24/12/2024";"15:52:00";"307";"Sem vítima";"691,000";"BR-365/MG";"Decrescente";"Choque";1;0;0;0;0;0;0;0;0;0;1;0;0;0;0
"26/12/2024";"13:58:00";"218";"Sem vítima";"664,660";"BR-365/MG";"Decrescente";"Choque";1;0;0;0;0;0;0;0;0;0;2;0;0;0;0
"26/12/2024";"14:47:00";"230";"Sem vítima";"680,490";"BR-365/MG";"Decrescente";"Choque";0;0;0;0;0;0;0;0;0;1;2;0;0;0;0
"26/12/2024";"18:26:00";"293";"Com vítima";"649,520";"BR-365/MG";"Decrescente";"Capotamento";1;0;0;0;0;0;0;0;0;0;0;1;0;0;0
"27/12/2024";"20:54:00";"295";"Sem vítima";"750,500";"BR-365/MG";"Crescente";"Choque";1;0;0;0;0;0;0;0;0;0;1;0;0;0;0
"27/12/2024";"21:48:00";"311";"Sem vítima";"22,000";"BR-364/GO";"Decrescente";"Atropelamento de animal";1;0;0;0;0;0;0;0;0;0;4;0;0;0;0
"27/12/2024";"22:25:00";"317";"Com vítima";"693,890";"BR-365/MG";"Crescente";"Atropelamento de animal";1;0;0;0;0;0;0;0;0;0;1;0;0;0;0
"29/12/2024";"00:20:00";"4";"Sem vítima";"832,000";"BR-365/MG";"Decrescente";"Choque";0;0;0;0;0;0;0;0;0;1;2;0;0;0;0
"29/12/2024";"00:27:00";"6";"Com vítima";"133,000";"BR-364/GO";"Crescente";"Queda de moto";0;0;0;1;0;0;0;0;0;0;0;1;0;0;0
"30/12/2024";"06:42:00";"69";"Sem vítima";"765,980";"BR-365/MG";"Crescente";"Colisão traseira";0;0;0;0;1;0;0;0;0;1;11;0;0;0;0
"30/12/2024";"18:32:00";"302";"Sem vítima";"47,350";"BR-364/GO";"Crescente";"Choque";0;0;0;0;0;0;0;0;0;1;2;0;0;0;0
"31/12/2024";"13:40:00";"193";"Com vítima";"744,700";"BR-365/MG";"Crescente";"Capotamento";1;0;0;0;0;0;0;0;0;0;0;3;0;0;0
"31/12/2024";"20:59:00";"301";"Com vítima";"82,400";"BR-364/GO";"Crescente";"Capotamento";1;0;0;0;0;0;0;0;0;0;0;1;1;0;0
"01/01/2025";"19:33:00";"230";"Sem vítima";"751,110";"BR-365/MG";"Decrescente";"Choque";1;0;0;0;0;0;0;0;0;0;1;0;0;0;0
"01/01/2025";"19:38:00";"231";"Com vítima";"689,560";"BR-365/MG";"Decrescente";"Atropelamento de pedestre";1;0;0;0;0;0;0;0;0;0;1;1;0;0;0
"02/01/2025";"03:36:00";"19";"Sem vítima";"674,920";"BR-365/MG";"Crescente";"Atropelamento de animal";1;0;0;0;0;0;0;0;0;0;4;0;0;0;0
"04/01/2025";"09:14:00";"127";"Com vítima";"69,650";"BR-364/GO";"Crescente";"Capotamento";0;0;0;0;0;0;0;0;0;1;0;2;0;0;0
"05/01/2025";"17:01:00";"244";"Com vítima";"685,000";"BR-365/MG";"Crescente";"Capotamento";1;0;0;0;0;0;0;0;0;0;1;2;0;0;0
"05/01/2025";"18:08:00";"263";"Com vítima";"749,000";"BR-365/MG";"Crescente";"Queda de moto";0;0;0;1;0;0;0;0;0;0;1;1;0;0;0
"06/01/2025";"06:58:00";"45";"Com vítima";"696,000";"BR-365/MG";"Crescente";"Capotamento";0;0;0;0;0;0;0;0;0;1;0;1;0;0;0
"06/01/2025";"18:15:00";"320";"Sem vítima";"149,000";"BR-364/GO";"Crescente";"Choque";0;0;0;0;0;0;0;0;0;1;4;0;0;0;0
"06/01/2025";"21:04:00";"355";"Sem vítima";"765,944";"BR-365/MG";"Decrescente";"Atropelamento de animal";0;0;1;0;0;0;0;0;0;0;2;0;0;0;0
"09/01/2025";"08:23:00";"116";"Sem vítima";"689,580";"BR-365/MG";"Decrescente";"Choque";1;0;0;0;0;0;0;0;0;0;1;0;0;0;0
"10/01/2025";"00:01:00";"1";"Sem vítima";"666,180";"BR-365/MG";"Decrescente";"Atropelamento de animal";1;0;0;0;0;0;0;0;0;0;1;0;0;0;0
"10/01/2025";"16:42:00";"337";"Com vítima";"861,000";"BR-365/MG";"Decrescente";"Choque";0;0;0;0;0;0;0;0;0;1;0;1;0;0;0
"10/01/2025";"23:57:00";"458";"Com vítima";"13,360";"BR-364/GO";"Crescente";"Capotamento";1;0;0;0;0;0;0;0;0;0;0;1;0;0;0
"11/01/2025";"03:56:00";"43";"Com vítima";"701,200";"BR-365/MG";"Crescente";"Queda de moto";0;0;0;1;0;0;0;0;0;0;0;0;1;0;0
"11/01/2025";"20:49:00";"322";"Sem vítima";"88,000";"BR-364/GO";"Crescente";"Atropelamento de animal";1;0;0;0;0;0;0;0;0;0;2;0;0;0;0
"12/01/2025";"12:11:00";"132";"Sem vítima";"784,500";"BR-365/MG";"Decrescente";"Choque";0;0;0;0;0;0;0;0;0;1;1;0;0;0;0
"12/01/2025";"18:09:00";"232";"Com vítima";"791,000";"BR-365/MG";"Decrescente";"Queda de bicicleta";0;1;0;0;0;0;0;0;0;0;0;0;0;0;0
"13/01/2025";"18:26:00";"339";"Com vítima";"869,500";"BR-365/MG";"Crescente";"Capotamento";0;0;0;0;0;0;0;0;0;1;0;1;0;0;0
"14/01/2025";"10:59:00";"224";"Sem vítima";"645,500";"BR-365/MG";"Crescente";"Choque";0;0;1;0;0;1;0;0;0;0;1;0;0;0;0
"14/01/2025";"13:16:00";"272";"Sem vítima";"661,800";"BR-365/MG";"Crescente";"Choque";1;0;0;0;0;0;0;0;0;0;1;0;0;0;0
"14/01/2025";"13:53:00";"283";"Sem vítima";"653,100";"BR-365/MG";"Decrescente";"Choque";1;0;0;0;0;0;0;0;0;0;2;0;0;0;0
"14/01/2025";"16:54:00";"346";"Com vítima";"739,900";"BR-365/MG";"Decrescente";"Tombamento";0;0;1;0;0;0;0;0;0;0;0;0;1;0;0
"14/01/2025";"17:16:00";"353";"Sem vítima";"735,290";"BR-365/MG";"Crescente";"Choque";1;0;0;0;0;0;0;0;0;0;3;0;0;0;0
"14/01/2025";"22:45:00";"429";"Sem vítima";"646,600";"BR-365/MG";"Decrescente";"Choque";1;0;0;0;0;0;0;0;0;0;1;0;0;0;0
"15/01/2025";"02:34:00";"13";"Sem vítima";"821,680";"BR-365/MG";"Decrescente";"Atropelamento de animal";1;0;0;0;0;0;0;0;0;0;1;0;0;0;0
"16/01/2025";"14:05:00";"257";"Sem vítima";"686,600";"BR-365/MG";"Crescente";"Choque";0;0;1;0;0;0;0;0;0;0;1;0;0;0;0
"18/01/2025";"03:53:00";"14";"Com vítima";"651,000";"BR-365/MG";"Decrescente";"Choque";1;0;0;0;0;0;0;0;0;0;1;1;1;0;0
"18/01/2025";"04:07:00";"16";"Com vítima";"684,000";"BR-365/MG";"Crescente";"Choque";1;0;0;0;0;0;0;0;0;0;0;1;0;0;0
"19/01/2025";"00:44:00";"8";"Sem vítima";"644,000";"BR-365/MG";"Decrescente";"Atropelamento de animal";1;0;0;0;0;0;0;0;0;0;3;0;0;0;0
"19/01/2025";"13:33:00";"143";"Sem vítima";"632,200";"BR-365/MG";"Crescente";"Tombamento";0;0;0;0;0;1;0;0;0;0;0;0;0;0;0
"20/01/2025";"07:54:00";"121";"Sem vítima";"799,200";"BR-365/MG";"Crescente";"Colisão lateral em sentido contrário";1;0;0;0;0;0;0;0;0;1;10;0;0;0;0
"20/01/2025";"11:17:00";"204";"Sem vítima";"767,750";"BR-365/MG";"Decrescente";"Capotamento";1;0;0;0;0;0;0;0;0;0;1;0;0;0;0
"20/01/2025";"15:51:00";"289";"Com vítima";"67,800";"BR-364/GO";"Crescente";"Colisão lateral em sentido contrário";0;0;1;1;0;0;0;0;0;0;1;0;0;1;0
"21/01/2025";"21:24:00";"406";"Sem vítima";"765,980";"BR-365/MG";"Crescente";"Colisão lateral no mesmo sentido";1;0;0;0;0;1;0;0;0;0;3;0;0;0;0
"23/01/2025";"06:39:00";"65";"Sem vítima";"671,700";"BR-365/MG";"Decrescente";"Choque";0;0;1;0;0;0;0;0;0;0;1;0;0;0;0
"24/01/2025";"08:30:00";"151";"Sem vítima";"91,000";"BR-364/GO";"Decrescente";"Colisão lateral em sentido contrário";0;0;1;0;0;1;0;0;0;0;3;0;0;0;0
"24/01/2025";"20:16:00";"393";"Sem vítima";"650,300";"BR-365/MG";"Decrescente";"Choque";1;0;0;0;0;0;0;0;0;0;1;0;0;0;0
"26/01/2025";"01:11:00";"13";"Sem vítima";"706,500";"BR-365/MG";"Decrescente";"Tombamento";0;0;0;0;0;1;0;0;0;0;0;0;0;0;0
"26/01/2025";"13:34:00";"190";"Sem vítima";"657,790";"BR-365/MG";"Decrescente";"Choque";1;0;0;0;0;0;0;0;0;0;2;0;0;0;0
"26/01/2025";"19:10:00";"300";"Sem vítima";"706,500";"BR-365/MG";"Decrescente";"Choque";0;0;1;0;0;0;0;0;0;0;1;0;0;0;0
"26/01/2025";"19:30:00";"301";"Com vítima";"636,800";"BR-365/MG";"Crescente";"Engavetamento";0;0;2;0;0;0;0;0;0;1;0;3;2;0;0
"27/01/2025";"07:01:00";"69";"Com vítima";"131,500";"BR-364/GO";"Crescente";"Choque";1;0;0;0;0;1;0;0;0;0;0;2;0;0;0
"27/01/2025";"12:44:00";"229";"Sem vítima";"636,600";"BR-365/MG";"Crescente";"Colisão lateral no mesmo sentido";0;0;0;0;0;1;0;0;0;1;5;0;0;0;0
"27/01/2025";"23:07:00";"358";"Com vítima";"628,053";"BR-365/MG";"Decrescente";"Queda de moto";0;0;0;1;0;0;0;0;0;0;0;0;1;0;0
"28/01/2025";"18:47:00";"341";"Com vítima";"30,000";"BR-364/GO";"Decrescente";"Choque";1;0;0;0;0;0;0;0;0;0;0;1;0;0;0
"30/01/2025";"05:51:00";"35";"Com vítima";"19,000";"BR-364/GO";"Decrescente";"Colisão traseira";1;0;0;1;0;0;0;0;0;0;1;1;0;0;0
"30/01/2025";"07:20:00";"74";"Sem vítima";"795,350";"BR-365/MG";"Decrescente";"Colisão lateral no mesmo sentido";1;0;0;0;0;1;0;0;0;0;2;0;0;0;0
"31/01/2025";"14:46:00";"266";"Sem vítima";"93,120";"BR-364/GO";"Decrescente";"Engavetamento";1;0;1;0;0;1;0;0;0;0;3;0;0;0;0
"31/01/2025";"18:24:00";"350";"Sem vítima";"645,500";"BR-365/MG";"Crescente";"Colisão lateral no mesmo sentido";1;0;0;0;0;1;0;0;0;0;3;0;0;0;0
"31/01/2025";"18:40:00";"354";"Sem vítima";"731,000";"BR-365/MG";"Crescente";"Colisão traseira";0;0;0;0;0;0;0;0;0;2;2;0;0;0;0
"01/02/2025";"14:25:00";"174";"Sem vítima";"799,500";"BR-365/MG";"Decrescente";"Choque";1;0;0;0;0;0;0;0;0;0;3;0;0;0;0
"01/02/2025";"15:05:00";"189";"Sem vítima";"752,810";"BR-365/MG";"Decrescente";"Choque";1;0;0;0;0;0;0;0;0;0;2;0;0;0;0
"02/02/2025";"03:20:00";"15";"Sem vítima";"665,070";"BR-365/MG";"Crescente";"Capotamento";0;0;0;0;0;0;0;0;0;1;1;0;0;0;0
"02/02/2025";"17:16:00";"232";"Com vítima";"818,250";"BR-365/MG";"Decrescente";"Colisão frontal";2;0;0;0;0;1;0;0;0;0;0;1;1;1;2
"03/02/2025";"14:58:00";"259";"Com vítima";"794,310";"BR-365/MG";"Decrescente";"Engavetamento";2;0;1;0;0;0;0;0;0;0;4;0;1;0;0
"05/02/2025";"16:27:00";"292";"Sem vítima";"676,830";"BR-365/MG";"Decrescente";"Choque";1;0;0;0;0;0;0;0;0;0;2;0;0;0;0
"05/02/2025";"17:52:00";"315";"Sem vítima";"645,500";"BR-365/MG";"Decrescente";"Colisão traseira";1;0;0;0;0;0;0;0;0;1;2;0;0;0;0
"06/02/2025";"16:36:00";"336";"Sem vítima";"704,350";"BR-365/MG";"Decrescente";"Colisão traseira";0;0;1;0;0;0;0;0;0;1;2;0;0;0;0
"06/02/2025";"22:51:00";"431";"Sem vítima";"156,700";"BR-364/GO";"Crescente";"Atropelamento de animal";0;0;0;0;0;0;0;0;0;1;2;0;0;0;0
"07/02/2025";"10:13:00";"206";"Sem vítima";"637,940";"BR-365/MG";"Crescente";"Colisão lateral no mesmo sentido";0;0;1;0;0;1;0;0;0;0;2;0;0;0;0
"08/02/2025";"17:02:00";"262";"Com vítima";"174,150";"BR-364/GO";"Crescente";"Choque";0;0;0;1;0;0;0;0;0;0;0;1;0;0;0
"09/02/2025";"16:44:00";"197";"Com vítima";"19,900";"BR-364/GO";"Crescente";"Capotamento";1;0;0;0;0;0;0;0;0;0;0;0;0;1;0
"10/02/2025";"11:15:00";"196";"Sem vítima";"626,000";"BR-365/MG";"Crescente";"Queda de moto";0;0;0;1;0;0;0;0;0;0;2;0;0;0;0
"10/02/2025";"17:46:00";"294";"Sem vítima";"749,000";"BR-365/MG";"Decrescente";"Colisão traseira";2;0;0;0;0;0;0;0;0;0;2;0;0;0;0
"11/02/2025";"07:41:00";"125";"Com vítima";"687,070";"BR-365/MG";"Crescente";"Colisão lateral no mesmo sentido";1;0;0;0;0;1;0;0;0;0;1;1;0;0;0
"11/02/2025";"15:27:00";"296";"Sem vítima";"698,000";"BR-365/MG";"Decrescente";"Choque";0;0;0;0;0;0;0;0;0;1;1;0;0;0;0
"11/02/2025";"20:15:00";"390";"Sem vítima";"837,300";"BR-365/MG";"Crescente";"Atropelamento de animal";0;0;0;0;0;0;0;0;0;1;2;0;0;0;0
"12/02/2025";"01:05:00";"10";"Sem vítima";"147,500";"BR-364/GO";"Crescente";"Choque";0;0;0;0;0;1;0;0;0;0;1;0;0;0;0
"13/02/2025";"06:02:00";"28";"Com vítima";"735,700";"BR-365/MG";"Crescente";"Colisão traseira";1;0;1;0;0;0;0;0;0;0;1;0;1;0;0
"15/02/2025";"05:15:00";"32";"Sem vítima";"70,150";"BR-364/GO";"Crescente";"Choque";0;0;0;0;0;1;0;0;0;0;1;0;0;0;0
"15/02/2025";"11:28:00";"180";"Com vítima";"824,500";"BR-365/MG";"Decrescente";"Colisão transversal";0;0;0;0;0;0;0;0;0;2;0;2;0;0;0
"16/02/2025";"19:57:00";"258";"Sem vítima";"666,000";"BR-365/MG";"Decrescente";"Atropelamento de animal";0;0;0;0;0;1;0;0;0;0;2;0;0;0;0
"16/02/2025";"22:27:00";"294";"Sem vítima";"189,000";"BR-364/GO";"Crescente";"Colisão traseira";0;0;0;0;0;3;0;0;0;0;3;0;0;0;0
"17/02/2025";"06:47:00";"47";"Com vítima";"626,500";"BR-365/MG";"Crescente";"Queda de moto";0;0;0;1;0;1;0;0;0;0;1;1;0;0;0
"17/02/2025";"15:06:00";"266";"Sem vítima";"164,000";"BR-364/GO";"Decrescente";"Choque";1;0;0;0;0;0;0;0;0;0;1;0;0;0;0
"18/02/2025";"15:14:00";"300";"Sem vítima";"68,240";"BR-364/GO";"Decrescente";"Choque";0;0;0;0;0;1;0;0;0;0;1;0;0;0;0
"19/02/2025";"01:27:00";"17";"Sem vítima";"72,400";"BR-364/GO";"Crescente";"Atropelamento de animal";1;0;0;0;0;0;0;0;0;0;1;0;0;0;0
"20/02/2025";"06:54:00";"64";"Sem vítima";"22,200";"BR-364/GO";"Crescente";"Choque";1;0;0;0;0;0;0;0;0;0;3;0;0;0;0
"22/02/2025";"02:09:00";"8";"Sem vítima";"55,770";"BR-364/GO";"Decrescente";"Choque";1;0;0;0;0;0;0;0;0;0;1;0;0;0;0
"23/02/2025";"11:31:00";"119";"Com vítima";"62,400";"BR-364/GO";"Crescente";"Queda de moto";0;0;0;1;0;0;0;0;0;0;0;1;0;0;0
"23/02/2025";"16:42:00";"204";"Sem vítima";"843,500";"BR-365/MG";"Crescente";"Choque";1;0;0;0;0;0;0;0;0;0;1;0;0;0;0
"24/02/2025";"00:34:00";"5";"Sem vítima";"810,000";"BR-365/MG";"Decrescente";"Capotamento";1;0;0;0;0;0;0;0;0;0;1;0;0;0;0
"24/02/2025";"16:03:00";"278";"Com vítima";"794,000";"BR-365/MG";"Crescente";"Tombamento";0;0;1;0;0;0;0;0;0;0;0;1;0;0;0
"24/02/2025";"16:34:00";"283";"Sem vítima";"680,960";"BR-365/MG";"Decrescente";"Capotamento";1;0;0;0;0;0;0;0;0;0;1;0;0;0;0
"24/02/2025";"20:40:00";"340";"Sem vítima";"816,940";"BR-365/MG";"Decrescente";"Choque";1;0;0;0;0;0;0;0;0;0;2;0;0;0;0
"25/02/2025";"18:51:00";"305";"Com vítima";"701,520";"BR-365/MG";"Crescente";"Choque";0;0;0;0;0;0;0;0;0;1;0;1;0;0;0
"25/02/2025";"20:22:00";"328";"Sem vítima";"31,800";"BR-364/GO";"Crescente";"Atropelamento de animal";1;0;0;0;0;0;0;0;0;0;1;0;0;0;0
"27/02/2025";"07:36:00";"73";"Com vítima";"7,500";"BR-364/GO";"Decrescente";"Colisão lateral em sentido contrário";2;0;0;0;0;0;0;0;0;0;1;0;1;0;0
"27/02/2025";"12:03:00";"223";"Sem vítima";"631,000";"BR-365/MG";"Decrescente";"Choque";0;0;0;0;0;0;0;0;0;1;1;0;0;0;0
"27/02/2025";"15:28:00";"282";"Com vítima";"737,100";"BR-365/MG";"Crescente";"Engavetamento";1;0;0;0;0;1;0;0;0;1;3;1;0;0;0
"27/02/2025";"16:25:00";"296";"Sem vítima";"688,450";"BR-365/MG";"Crescente";"Colisão traseira";1;0;0;0;0;0;0;0;0;1;2;0;0;0;0
"28/02/2025";"00:30:00";"5";"Sem vítima";"676,500";"BR-365/MG";"Crescente";"Colisão lateral no mesmo sentido";1;0;0;0;0;1;0;0;0;0;2;0;0;0;0
"28/02/2025";"11:51:00";"227";"Sem vítima";"112,022";"BR-364/GO";"Crescente";"Colisão traseira";0;0;1;0;0;1;0;0;0;0;2;0;0;0;0
"28/02/2025";"12:56:00";"247";"Sem vítima";"49,750";"BR-364/GO";"Crescente";"Choque";1;0;0;0;0;0;0;0;0;0;1;0;0;0;0
"28/02/2025";"23:55:00";"432";"Com vítima";"638,760";"BR-365/MG";"Crescente";"Engavetamento";2;0;0;0;0;0;0;0;0;1;2;2;0;0;0
"01/03/2025";"14:37:00";"235";"Sem vítima";"32,500";"BR-364/GO";"Decrescente";"Colisão traseira";0;0;0;0;0;2;0;0;0;0;2;0;0;0;0
"01/03/2025";"16:33:00";"268";"Sem vítima";"20,850";"BR-364/GO";"Decrescente";"Choque";0;0;0;0;0;1;0;0;0;1;1;0;0;0;0
"02/03/2025";"05:42:00";"29";"Com vítima";"68,340";"BR-364/GO";"Decrescente";"Queda de moto";0;0;0;1;0;0;0;0;0;0;0;1;0;0;0
"02/03/2025";"09:32:00";"94";"Com vítima";"655,000";"BR-365/MG";"Decrescente";"Capotamento";0;0;0;0;0;0;0;0;0;1;0;1;0;0;0
"02/03/2025";"19:15:00";"260";"Sem vítima";"702,400";"BR-365/MG";"Crescente";"Choque";1;0;0;0;0;0;0;0;0;0;5;0;0;0;0
"03/03/2025";"06:09:00";"23";"Com vítima";"146,000";"BR-364/GO";"Decrescente";"Atropelamento de animal";0;0;0;0;0;0;0;0;0;1;1;1;0;0;0