data;horario;n_da_ocorrencia;tipo_de_ocorrencia;km;trecho;sentido;tipo_de_acidente;automovel;bicicleta;caminhao;moto;onibus;outros;tracao_animal;transporte_de_cargas_especiais;trator_maquinas;utilitarios;ilesos;levemente_feridos;moderadamente_feridos;gravemente_feridos;mortos
"01/09/2025";"18:46:00";"263";"Sem vítima";"635,090";"BR-365/MG";"Decrescente";"Colisão traseira";1;0;1;0;0;0;0;0;0;0;2;0;0;0;0
"03/09/2025";"03:33:00";"22";"Com vítima";"696,360";"BR-365/MG";"Crescente";"Tombamento";1;0;0;0;0;0;0;0;0;0;1;3;0;0;0
"03/09/2025";"21:12:00";"335";"Sem vítima";"786,000";"BR-365/MG";"Crescente";"Atropelamento de animal";1;0;0;0;0;0;0;0;0;0;4;0;0;0;0
"04/09/2025";"15:19:00";"262";"Com vítima";"646,380";"BR-365/MG";"Decrescente";"Colisão traseira";2;0;0;0;0;0;0;0;0;0;1;2;0;0;0
"05/09/2025";"16:17:00";"244";"Com vítima";"13,000";"BR-364/GO";"Decrescente";"Colisão lateral em sentido contrário";1;0;0;0;1;0;0;0;0;0;1;1;0;0;0
"06/09/2025";"00:45:00";"5";"Sem vítima";"627,830";"BR-365/MG";"Decrescente";"Atropelamento de animal";1;0;0;0;0;0;0;0;0;0;2;0;0;0;0
"06/09/2025";"12:55:00";"170";"Com vítima";"749,000";"BR-365/MG";"Decrescente";"Colisão frontal";0;0;0;1;0;0;0;0;0;1;1;0;0;1;0
"06/09/2025";"21:21:00";"336";"Com vítima";"794,400";"BR-365/MG";"Decrescente";"Capotamento";1;0;0;0;0;0;0;0;0;0;0;0;0;1;0
"06/09/2025";"21:52:00";"340";"Com vítima";"105,900";"BR-364/GO";"Decrescente";"Atropelamento de animal";1;0;0;0;0;0;0;0;0;0;1;1;0;0;0
"06/09/2025";"22:06:00";"344";"Com vítima";"71,000";"BR-364/GO";"Crescente";"Acidentes de outra natureza";0;0;0;0;0;0;0;0;0;1;1;1;0;0;0
"07/09/2025";"00:11:00";"1";"Sem vítima";"645,600";"BR-365/MG";"Decrescente";"Queda de moto";0;0;0;1;0;0;0;0;0;0;1;0;0;0;0
"07/09/2025";"21:54:00";"302";"Sem vítima";"49,000";"BR-364/GO";"Decrescente";"Atropelamento de animal";0;0;0;1;0;0;0;0;0;0;1;0;0;0;0
"09/09/2025";"01:32:00";"8";"Com vítima";"684,090";"BR-365/MG";"Crescente";"Choque";0;0;0;0;0;2;0;0;0;0;1;1;0;0;0
"12/09/2025";"11:08:00";"186";"Sem vítima";"749,500";"BR-365/MG";"Decrescente";"Colisão transversal";1;0;1;0;0;0;0;0;0;0;2;0;0;0;0
"12/09/2025";"20:39:00";"331";"Com vítima";"187,300";"BR-364/GO";"Decrescente";"Tombamento";0;0;0;0;0;1;0;0;0;0;0;0;1;0;0
"12/09/2025";"20:47:00";"334";"Sem vítima";"112,100";"BR-364/GO";"Decrescente";"Choque";1;0;0;0;0;0;0;0;0;0;1;0;0;0;0
"12/09/2025";"22:13:00";"353";"Sem vítima";"785,000";"BR-365/MG";"Decrescente";"Atropelamento de animal";1;0;0;0;0;0;0;0;0;0;1;0;0;0;0
"13/09/2025";"05:44:00";"33";"Sem vítima";"147,400";"BR-364/GO";"Crescente";"Choque";0;0;0;0;0;1;0;0;0;0;1;0;0;0;0
"13/09/2025";"07:33:00";"57";"Sem vítima";"765,980";"BR-365/MG";"Crescente";"Choque";1;0;0;0;0;0;0;0;0;0;1;0;0;0;0
"13/09/2025";"20:02:00";"273";"Com vítima";"122,000";"BR-364/GO";"Decrescente";"Colisão transversal";0;0;0;0;0;0;0;0;0;2;0;4;0;0;0
"13/09/2025";"20:41:00";"287";"Com vítima";"16,000";"BR-364/GO";"Decrescente";"Choque";0;0;0;0;0;0;0;0;0;1;0;2;0;0;0
"14/09/2025";"18:00:00";"203";"Sem vítima";"706,500";"BR-365/MG";"Crescente";"Colisão lateral no mesmo sentido";0;0;0;0;0;1;0;0;0;1;2;0;0;0;0
"15/09/2025";"12:40:00";"210";"Com vítima";"780,500";"BR-365/MG";"Decrescente";"Colisão lateral no mesmo sentido";1;0;0;0;0;1;0;0;0;0;1;1;0;0;0
"15/09/2025";"22:38:00";"377";"Sem vítima";"779,500";"BR-365/MG";"Crescente";"Atropelamento de animal";0;0;0;0;0;0;0;0;0;1;1;0;0;0;0
"16/09/2025";"04:07:00";"26";"Sem vítima";"756,300";"BR-365/MG";"Crescente";"Choque";1;0;0;0;0;0;0;0;0;0;2;0;0;0;0
"17/09/2025";"20:21:00";"350";"Sem vítima";"838,450";"BR-365/MG";"Crescente";"Atropelamento de animal";0;0;0;0;0;0;0;0;0;1;1;0;0;0;0
"18/09/2025";"07:45:00";"101";"Sem vítima";"59,300";"BR-364/GO";"Crescente";"Colisão traseira";0;0;0;0;0;2;0;0;0;0;2;0;0;0;0
"19/09/2025";"06:03:00";"62";"Com vítima";"107,300";"BR-364/GO";"Decrescente";"Queda de moto";0;0;0;1;0;0;0;0;0;0;0;1;0;0;0
"20/09/2025";"05:36:00";"35";"Sem vítima";"825,044";"BR-365/MG";"Crescente";"Choque";1;0;0;0;0;0;0;0;0;0;1;0;0;0;0
"21/09/2025";"08:27:00";"59";"Com vítima";"184,250";"BR-364/GO";"Decrescente";"Queda de bicicleta";0;1;0;0;0;0;0;0;0;0;0;0;0;0;0
"22/09/2025";"06:38:00";"57";"Com vítima";"685,000";"BR-365/MG";"Decrescente";"Choque";0;0;0;1;0;0;0;0;0;0;0;1;0;0;0
"22/09/2025";"23:29:00";"342";"Sem vítima";"101,500";"BR-364/GO";"Crescente";"Atropelamento de animal";1;0;0;0;0;0;0;0;0;0;1;0;0;0;0
"24/09/2025";"16:42:00";"286";"Sem vítima";"649,400";"BR-365/MG";"Decrescente";"Choque";1;0;0;0;0;0;0;0;0;0;1;0;0;0;0
"25/09/2025";"21:56:00";"399";"Com vítima";"649,409";"BR-365/MG";"Decrescente";"Colisão transversal";0;0;0;0;0;2;0;0;0;0;0;1;0;1;0
"26/09/2025";"18:33:00";"332";"Sem vítima";"648,800";"BR-365/MG";"Crescente";"Colisão traseira";1;0;0;0;0;1;0;0;0;0;6;0;0;0;0
"27/09/2025";"08:27:00";"84";"Com vítima";"649,000";"BR-365/MG";"Crescente";"Colisão traseira";1;0;0;0;0;1;0;0;0;0;2;1;0;0;0
"27/09/2025";"10:28:00";"125";"Com vítima";"706,767";"BR-365/MG";"Crescente";"Colisão traseira";0;0;1;0;0;1;0;0;0;0;1;1;0;0;0
"27/09/2025";"12:02:00";"154";"Com vítima";"702,000";"BR-365/MG";"Decrescente";"Capotamento";1;0;0;0;0;0;0;0;0;0;0;2;0;0;0
"27/09/2025";"14:53:00";"209";"Sem vítima";"830,000";"BR-365/MG";"Crescente";"Colisão lateral no mesmo sentido";1;0;0;0;0;1;0;0;0;1;6;0;0;0;0
"27/09/2025";"22:36:00";"317";"Sem vítima";"855,100";"BR-365/MG";"Decrescente";"Atropelamento de animal";0;0;0;0;0;0;0;0;0;1;2;0;0;0;0
"28/09/2025";"00:47:00";"8";"Sem vítima";"31,000";"BR-364/GO";"Crescente";"Atropelamento de animal";1;0;0;0;0;1;0;0;0;0;2;0;0;0;0
"28/09/2025";"17:52:00";"220";"Com vítima";"159,000";"BR-364/GO";"Decrescente";"Queda de moto";0;0;0;1;0;0;0;0;0;0;0;1;0;0;0
"29/09/2025";"05:52:00";"36";"Sem vítima";"641,500";"BR-365/MG";"Decrescente";"Atropelamento de animal";1;0;0;0;0;0;0;0;0;0;1;0;0;0;0
"30/09/2025";"06:30:00";"51";"Com vítima";"713,000";"BR-365/MG";"Decrescente";"Colisão traseira";1;0;0;0;0;0;0;0;0;1;2;1;0;0;0
"30/09/2025";"06:33:00";"55";"Sem vítima";"106,200";"BR-364/GO";"Crescente";"Choque";0;0;0;0;0;0;0;0;0;1;1;0;0;0;0
"01/10/2025";"13:10:00";"215";"Sem vítima";"815,000";"BR-365/MG";"Crescente";"Tombamento";0;0;0;0;0;1;0;0;0;0;1;0;0;0;0
"01/10/2025";"16:01:00";"260";"Sem vítima";"720,000";"BR-365/MG";"Crescente";"Colisão traseira";1;0;0;0;0;1;0;0;0;0;2;0;0;0;0
"01/10/2025";"16:50:00";"285";"Sem vítima";"637,000";"BR-365/MG";"Decrescente";"Atropelamento de pedestre";0;0;0;0;0;1;0;0;1;0;2;0;0;0;0
"02/10/2025";"14:16:00";"238";"Sem vítima";"808,400";"BR-365/MG";"Crescente";"Colisão lateral no mesmo sentido";1;0;1;0;0;0;0;0;0;0;4;0;0;0;0
"05/10/2025";"05:13:00";"28";"Sem vítima";"128,300";"BR-364/GO";"Decrescente";"Choque";0;0;1;0;0;1;0;0;0;0;1;0;0;0;0
"06/10/2025";"14:46:00";"282";"Com vítima";"661,780";"BR-365/MG";"Decrescente";"Choque";1;0;0;0;0;0;0;0;0;0;0;0;1;0;0
"06/10/2025";"22:55:00";"412";"Sem vítima";"819,890";"BR-365/MG";"Crescente";"Choque";1;0;0;0;0;0;0;0;0;0;1;0;0;0;0
"07/10/2025";"22:32:00";"414";"Sem vítima";"649,000";"BR-365/MG";"Decrescente";"Tombamento";0;0;0;0;0;1;0;0;0;0;1;0;0;0;0
"09/10/2025";"03:12:00";"26";"Sem vítima";"667,850";"BR-365/MG";"Crescente";"Colisão lateral no mesmo sentido";0;0;1;0;0;1;0;0;0;0;3;0;0;0;0
"09/10/2025";"20:10:00";"352";"Sem vítima";"752,590";"BR-365/MG";"Crescente";"Choque";0;0;0;0;0;0;0;0;0;1;1;0;0;0;0
"10/10/2025";"01:48:00";"12";"Sem vítima";"173,000";"BR-364/GO";"Decrescente";"Choque";0;0;0;0;0;0;0;0;0;1;1;0;0;0;0
"10/10/2025";"22:46:00";"366";"Sem vítima";"45,099";"BR-364/GO";"Decrescente";"Atropelamento de animal";1;0;0;0;0;0;0;0;0;0;3;0;0;0;0
"11/10/2025";"10:37:00";"124";"Sem vítima";"675,200";"BR-365/MG";"Crescente";"Choque";1;0;0;0;0;0;0;0;0;0;2;0;0;0;0
"12/10/2025";"05:33:00";"22";"Sem vítima";"168,650";"BR-364/GO";"Decrescente";"Choque";1;0;0;0;0;0;0;0;0;0;1;0;0;0;0
"13/10/2025";"15:01:00";"247";"Com vítima";"706,000";"BR-365/MG";"Crescente";"Choque";1;0;0;0;0;0;0;0;0;0;0;1;0;1;0
"13/10/2025";"20:27:00";"331";"Sem vítima";"34,200";"BR-364/GO";"Crescente";"Queda de moto";0;0;0;1;0;0;0;0;0;0;1;0;0;0;0
"16/10/2025";"14:08:00";"263";"Sem vítima";"173,200";"BR-364/GO";"Crescente";"Choque";0;0;0;0;0;0;0;0;0;1;2;0;0;0;0
"17/10/2025";"09:13:00";"142";"Sem vítima";"683,160";"BR-365/MG";"Crescente";"Choque";1;0;0;0;0;0;0;0;0;0;1;0;0;0;0
"17/10/2025";"15:28:00";"308";"Sem vítima";"785,500";"BR-365/MG";"Crescente";"Capotamento";1;0;0;0;0;0;0;0;0;0;1;0;0;0;0
"17/10/2025";"17:30:00";"354";"Com vítima";"727,000";"BR-365/MG";"Crescente";"Queda de moto";0;0;0;1;0;0;0;0;0;0;0;1;1;0;0
"17/10/2025";"19:01:00";"376";"Sem vítima";"852,050";"BR-365/MG";"Decrescente";"Atropelamento de animal";1;0;0;0;0;0;0;0;0;0;2;0;0;0;0
"17/10/2025";"19:23:00";"384";"Sem vítima";"104,000";"BR-364/GO";"Crescente";"Atropelamento de animal";1;0;0;0;0;0;0;0;0;0;4;0;0;0;0
"17/10/2025";"23:32:00";"435";"Sem vítima";"651,500";"BR-365/MG";"Decrescente";"Choque";0;0;0;0;0;0;0;0;0;1;1;0;0;0;0
"18/10/2025";"01:30:00";"14";"Sem vítima";"173,000";"BR-364/GO";"Decrescente";"Choque";1;0;0;0;0;0;0;0;0;0;1;0;0;0;0
"18/10/2025";"09:17:00";"98";"Com vítima";"651,000";"BR-365/MG";"Decrescente";"Choque";0;0;0;0;0;0;0;0;0;1;2;2;0;0;0
"19/10/2025";"02:57:00";"9";"Sem vítima";"685,770";"BR-365/MG";"Decrescente";"Choque";1;0;0;0;0;0;0;0;0;0;2;0;0;0;0
"19/10/2025";"05:39:00";"15";"Com vítima";"819,280";"BR-365/MG";"Crescente";"Colisão traseira";1;0;0;0;0;1;0;0;0;0;2;1;0;0;0
"19/10/2025";"18:37:00";"211";"Sem vítima";"637,700";"BR-365/MG";"Crescente";"Colisão transversal";1;0;0;0;0;0;0;0;0;1;6;0;0;0;0
"20/10/2025";"02:25:00";"18";"Sem vítima";"750,070";"BR-365/MG";"Crescente";"Capotamento";0;0;0;0;0;0;0;0;0;1;1;0;0;0;0
"22/10/2025";"03:45:00";"26";"Sem vítima";"49,370";"BR-364/GO";"Crescente";"Atropelamento de animal";0;0;0;0;0;0;0;0;0;1;1;0;0;0;0
"22/10/2025";"04:42:00";"29";"Sem vítima";"653,590";"BR-365/MG";"Crescente";"Tombamento";0;0;0;0;0;1;0;0;0;0;1;0;0;0;0
"22/10/2025";"11:19:00";"179";"Sem vítima";"704,350";"BR-365/MG";"Crescente";"Colisão traseira";2;0;0;0;0;0;0;0;0;0;3;0;0;0;0
"23/10/2025";"00:26:00";"5";"Sem vítima";"823,000";"BR-365/MG";"Decrescente";"Choque";1;0;0;0;0;0;0;0;0;0;1;0;0;0;0
"23/10/2025";"15:52:00";"281";"Sem vítima";"1,860";"BR-364/GO";"Crescente";"Choque";0;0;1;0;0;0;0;0;0;0;1;0;0;0;0
"23/10/2025";"19:12:00";"349";"Com vítima";"106,000";"BR-364/GO";"Decrescente";"Colisão traseira";0;0;0;0;0;1;0;0;0;2;3;4;0;0;0
"23/10/2025";"21:02:00";"383";"Sem vítima";"826,000";"BR-365/MG";"Decrescente";"Atropelamento de animal";0;0;0;0;0;0;0;0;0;1;1;0;0;0;0
"24/10/2025";"00:04:00";"1";"Sem vítima";"827,550";"BR-365/MG";"Decrescente";"Atropelamento de animal";0;0;0;0;0;0;0;0;0;1;2;0;0;0;0
"25/10/2025";"05:05:00";"24";"Sem vítima";"56,950";"BR-364/GO";"Crescente";"Choque";1;0;0;0;0;0;0;0;0;0;1;0;0;0;0
"25/10/2025";"21:50:00";"355";"Sem vítima";"12,500";"BR-364/GO";"Decrescente";"Tombamento";0;0;0;0;0;1;0;0;0;0;1;0;0;0;0
"26/10/2025";"02:41:00";"18";"Sem vítima";"655,000";"BR-365/MG";"Decrescente";"Choque";1;0;0;0;0;0;0;0;0;0;1;0;0;0;0
"26/10/2025";"08:11:00";"66";"Com vítima";"173,200";"BR-364/GO";"Decrescente";"Colisão lateral em sentido contrário";0;0;0;0;0;2;0;0;0;0;1;0;0;1;0
"26/10/2025";"13:22:00";"160";"Com vítima";"680,000";"BR-365/MG";"Decrescente";"Capotamento";1;0;0;0;0;0;0;0;0;0;1;1;0;0;0
"26/10/2025";"16:52:00";"220";"Sem vítima";"680,000";"BR-365/MG";"Crescente";"Choque";0;0;0;0;0;1;0;0;0;1;3;0;0;0;0
"26/10/2025";"19:04:00";"264";"Sem vítima";"852,000";"BR-365/MG";"Decrescente";"Atropelamento de animal";1;0;0;0;0;0;0;0;0;0;4;0;0;0;0
"27/10/2025";"13:14:00";"225";"Sem vítima";"665,000";"BR-365/MG";"Decrescente";"Colisão traseira";1;0;0;0;0;1;0;0;0;0;2;0;0;0;0
"28/10/2025";"16:50:00";"317";"Sem vítima";"146,000";"BR-364/GO";"Decrescente";"Colisão lateral em sentido contrário";0;0;1;0;0;1;0;0;0;0;2;0;0;0;0
"28/10/2025";"23:27:00";"412";"Sem vítima";"626,600";"BR-365/MG";"Crescente";"Choque";1;0;0;0;0;0;0;0;0;0;1;0;0;0;0
"29/10/2025";"01:12:00";"13";"Sem vítima";"181,000";"BR-364/GO";"Crescente";"Atropelamento de animal";0;0;0;0;0;0;0;0;0;1;1;0;0;0;0
"29/10/2025";"06:28:00";"76";"Sem vítima";"187,000";"BR-364/GO";"Decrescente";"Tombamento";0;0;0;0;0;1;0;0;0;0;1;0;0;0;0
"30/10/2025";"03:15:00";"31";"Com vítima";"11,300";"BR-364/GO";"Decrescente";"Queda de moto";0;0;0;1;0;0;0;0;0;0;0;2;0;0;0
"01/11/2025";"13:35:00";"216";"Com vítima";"706,000";"BR-365/MG";"Crescente";"Atropelamento de pedestre";0;0;0;0;0;1;0;0;0;0;1;0;0;0;1
"01/11/2025";"18:03:00";"316";"Com vítima";"718,120";"BR-365/MG";"Decrescente";"Queda de moto";0;0;0;1;0;0;0;0;0;0;1;1;0;0;0
"02/11/2025";"20:32:00";"319";"Sem vítima";"799,840";"BR-365/MG";"Decrescente";"Atropelamento de animal";1;0;0;0;0;0;0;0;0;0;2;0;0;0;0
"03/11/2025";"22:32:00";"375";"Sem vítima";"185,000";"BR-364/GO";"Crescente";"Choque";1;0;0;0;0;0;0;0;0;0;1;0;0;0;0
"04/11/2025";"21:37:00";"365";"Sem vítima";"640,000";"BR-365/MG";"Crescente";"Atropelamento de animal";1;0;0;0;0;0;0;0;0;0;1;0;0;0;0
"05/11/2025";"15:58:00";"347";"Sem vítima";"795,000";"BR-365/MG";"Decrescente";"Engavetamento";0;0;1;0;0;1;0;0;0;1;6;0;0;0;0
"05/11/2025";"16:18:00";"358";"Sem vítima";"48,510";"BR-364/GO";"Crescente";"Colisão lateral no mesmo sentido";1;0;0;0;0;1;0;0;0;1;2;0;0;0;0
"06/11/2025";"02:28:00";"31";"Sem vítima";"637,000";"BR-365/MG";"Decrescente";"Atropelamento de animal";1;0;0;0;0;0;0;0;0;0;2;0;0;0;0
"06/11/2025";"18:58:00";"382";"Sem vítima";"626,000";"BR-365/MG";"Crescente";"Choque";1;0;0;0;0;0;0;0;0;0;2;0;0;0;0
"07/11/2025";"16:59:00";"318";"Sem vítima";"705,570";"BR-365/MG";"Decrescente";"Choque";0;0;0;0;0;0;0;0;0;1;1;0;0;0;0
"07/11/2025";"21:31:00";"394";"Sem vítima";"856,400";"BR-365/MG";"Decrescente";"Atropelamento de animal";1;0;0;0;0;0;0;0;0;0;3;0;0;0;0
"07/11/2025";"23:12:00";"412";"Sem vítima";"10,640";"BR-364/GO";"Decrescente";"Choque";2;0;0;0;0;0;0;0;0;0;6;0;0;0;0
"08/11/2025";"21:14:00";"295";"Sem vítima";"53,800";"BR-364/GO";"Decrescente";"Queda de moto";0;0;0;1;0;0;0;0;0;0;1;0;0;0;0
"09/11/2025";"04:40:00";"20";"Sem vítima";"182,000";"BR-364/GO";"Crescente";"Colisão traseira";0;0;0;0;0;1;0;0;0;1;3;0;0;0;0
"09/11/2025";"05:34:00";"26";"Sem vítima";"680,000";"BR-365/MG";"Decrescente";"Choque";0;0;0;0;0;0;0;0;0;1;3;0;0;0;0
"09/11/2025";"19:16:00";"318";"Sem vítima";"778,930";"BR-365/MG";"Decrescente";"Atropelamento de animal";1;0;0;0;0;0;0;0;0;0;4;0;0;0;0
"09/11/2025";"20:43:00";"335";"Sem vítima";"857,260";"BR-365/MG";"Crescente";"Atropelamento de animal";1;0;0;0;0;0;0;0;0;0;4;0;0;0;0
"09/11/2025";"20:44:00";"336";"Sem vítima";"857,260";"BR-365/MG";"Crescente";"Atropelamento de animal";1;0;0;0;0;0;0;0;0;0;2;0;0;0;0
"10/11/2025";"00:12:00";"2";"Sem vítima";"805,000";"BR-365/MG";"Crescente";"Atropelamento de animal";0;0;0;0;0;0;0;0;0;1;2;0;0;0;0
"10/11/2025";"12:52:00";"258";"Sem vítima";"860,000";"BR-365/MG";"Decrescente";"Choque";0;0;1;0;0;0;0;0;0;0;1;0;0;0;0
"11/11/2025";"20:57:00";"337";"Sem vítima";"681,210";"BR-365/MG";"Decrescente";"Colisão lateral no mesmo sentido";0;0;0;0;0;2;0;0;0;0;2;0;0;0;0
"12/11/2025";"05:40:00";"37";"Sem vítima";"1,500";"BR-364/GO";"Decrescente";"Capotamento";1;0;0;0;0;0;0;0;0;0;1;0;0;0;0
"13/11/2025";"12:23:00";"279";"Com vítima";"637,000";"BR-365/MG";"Crescente";"Choque";1;0;0;0;0;0;0;0;0;0;0;0;0;1;0
"13/11/2025";"15:24:00";"350";"Sem vítima";"100,000";"BR-364/GO";"Decrescente";"Colisão lateral no mesmo sentido";0;0;0;0;0;1;0;0;0;1;2;0;0;0;0
"13/11/2025";"17:04:00";"372";"Sem vítima";"764,000";"BR-365/MG";"Crescente";"Capotamento";0;0;0;0;0;0;0;0;0;1;1;0;0;0;0
"15/11/2025";"00:07:00";"2";"Sem vítima";"809,500";"BR-365/MG";"Crescente";"Atropelamento de animal";0;0;0;0;0;1;0;0;0;1;3;0;0;0;0
"15/11/2025";"01:11:00";"7";"Sem vítima";"113,000";"BR-364/GO";"Decrescente";"Colisão lateral em sentido contrário";1;0;0;0;0;1;0;0;0;0;4;0;0;0;0
"15/11/2025";"08:10:00";"84";"Sem vítima";"159,600";"BR-364/GO";"Decrescente";"Choque";1;0;0;0;0;0;0;0;0;0;2;0;0;0;0
"16/11/2025";"01:55:00";"18";"Com vítima";"690,760";"BR-365/MG";"Crescente";"Atropelamento de animal";1;0;0;0;0;0;0;0;0;0;0;2;0;0;0
"16/11/2025";"11:13:00";"113";"Com vítima";"650,000";"BR-365/MG";"Decrescente";"Queda de moto";0;0;0;1;0;0;0;0;0;0;0;2;0;0;0
"17/11/2025";"20:52:00";"386";"Sem vítima";"822,900";"BR-365/MG";"Decrescente";"Colisão traseira";0;0;0;0;0;2;0;0;0;0;2;0;0;0;0
"18/11/2025";"00:23:00";"3";"Sem vítima";"185,000";"BR-364/GO";"Crescente";"Choque";0;0;0;0;0;0;0;0;0;1;3;0;0;0;0
"18/11/2025";"19:39:00";"360";"Sem vítima";"798,500";"BR-365/MG";"Crescente";"Atropelamento de animal";0;0;0;0;0;0;0;0;0;1;1;0;0;0;0
"18/11/2025";"21:49:00";"389";"Sem vítima";"818,000";"BR-365/MG";"Decrescente";"Atropelamento de animal";0;0;0;0;0;1;0;0;0;0;1;0;0;0;0
"18/11/2025";"23:30:00";"401";"Com vítima";"638,000";"BR-365/MG";"Decrescente";"Colisão traseira";0;0;0;0;0;0;0;0;0;2;2;1;0;0;0
"19/11/2025";"03:11:00";"12";"Com vítima";"656,300";"BR-365/MG";"Decrescente";"Colisão traseira";0;0;1;0;0;1;0;0;0;0;3;0;1;0;0
"19/11/2025";"19:03:00";"307";"Sem vítima";"685,620";"BR-365/MG";"Decrescente";"Choque";0;0;0;0;0;1;0;0;0;0;1;0;0;0;0
"22/11/2025";"00:09:00";"3";"Sem vítima";"176,150";"BR-364/GO";"Crescente";"Choque";0;0;0;0;0;0;0;0;0;1;4;0;0;0;0
"22/11/2025";"17:31:00";"289";"Sem vítima";"645,400";"BR-365/MG";"Crescente";"Choque";1;0;0;0;0;0;0;0;0;0;2;0;0;0;0
"22/11/2025";"18:42:00";"302";"Com vítima";"752,000";"BR-365/MG";"Crescente";"Colisão lateral no mesmo sentido";0;0;0;1;0;0;0;0;0;1;1;1;1;0;0
"23/11/2025";"05:02:00";"23";"Sem vítima";"773,490";"BR-365/MG";"Decrescente";"Atropelamento de animal";0;0;0;0;0;1;0;0;0;1;4;0;0;0;0
"24/11/2025";"07:55:00";"82";"Sem vítima";"706,800";"BR-365/MG";"Crescente";"Choque";1;0;0;0;0;0;0;0;0;0;1;0;0;0;0
"24/11/2025";"14:56:00";"222";"Sem vítima";"173,900";"BR-364/GO";"Crescente";"Choque";1;0;0;0;0;0;0;0;0;0;4;0;0;0;0
"24/11/2025";"15:26:00";"232";"Sem vítima";"684,000";"BR-365/MG";"Decrescente";"Choque";1;0;0;0;0;0;0;0;0;0;1;0;0;0;0
"25/11/2025";"10:42:00";"202";"Sem vítima";"720,500";"BR-365/MG";"Crescente";"Colisão traseira";0;0;1;0;0;0;0;0;0;1;8;0;0;0;0
"26/11/2025";"00:21:00";"2";"Sem vítima";"20,200";"BR-364/GO";"Decrescente";"Atropelamento de animal";0;0;0;0;0;0;0;0;0;1;2;0;0;0;0
"26/11/2025";"06:34:00";"89";"Com vítima";"753,000";"BR-365/MG";"Crescente";"Queda de moto";0;0;0;1;0;0;0;0;0;0;0;1;0;0;0
"26/11/2025";"13:16:00";"273";"Com vítima";"704,350";"BR-365/MG";"Crescente";"Colisão traseira";1;0;0;0;0;1;0;0;0;0;1;1;0;0;0
"26/11/2025";"18:09:00";"364";"Sem vítima";"10,000";"BR-364/GO";"Decrescente";"Choque";1;0;0;0;0;0;0;0;0;0;1;0;0;0;0
"28/11/2025";"00:10:00";"1";"Sem vítima";"148,400";"BR-364/GO";"Decrescente";"Atropelamento de animal";1;0;0;0;0;0;0;0;0;0;5;0;0;0;0
"28/11/2025";"05:28:00";"26";"Sem vítima";"818,730";"BR-365/MG";"Decrescente";"Atropelamento de animal";1;0;0;0;0;0;0;0;0;0;2;0;0;0;0
"28/11/2025";"14:30:00";"260";"Com vítima";"645,600";"BR-365/MG";"Decrescente";"Colisão traseira";1;0;0;0;0;0;0;0;0;1;4;0;1;0;0
"28/11/2025";"19:30:00";"366";"Sem vítima";"16,800";"BR-364/GO";"Crescente";"Atropelamento de animal";0;0;0;0;0;0;0;0;0;1;1;0;0;0;0
"29/11/2025";"01:51:00";"8";"Com vítima";"58,550";"BR-364/GO";"Decrescente";"Capotamento";1;0;0;0;0;0;0;0;0;0;0;1;0;0;0
"29/11/2025";"07:21:00";"84";"Com vítima";"697,400";"BR-365/MG";"Crescente";"Choque";1;0;0;0;0;0;0;0;0;0;0;1;0;0;0
"30/11/2025";"15:28:00";"251";"Sem vítima";"645,000";"BR-365/MG";"Crescente";"Colisão traseira";1;0;0;0;0;1;0;0;0;0;5;0;0;0;0
"01/12/2025";"05:46:00";"43";"Com vítima";"18,300";"BR-364/GO";"Decrescente";"Atropelamento de pedestre";0;0;0;0;0;1;0;0;0;0;1;1;0;0;0
"01/12/2025";"10:53:00";"196";"Sem vítima";"156,400";"BR-364/GO";"Crescente";"Choque";0;0;0;0;0;0;0;0;0;1;1;0;0;0;0
"01/12/2025";"18:47:00";"331";"Sem vítima";"1,000";"BR-364/GO";"Decrescente";"Choque";1;0;0;0;0;0;0;0;0;0;1;0;0;0;0
"02/12/2025";"08:02:00";"122";"Com vítima";"792,050";"BR-365/MG";"Crescente";"Colisão transversal";0;0;1;0;0;0;0;0;0;1;2;1;0;0;0