data;horario;n_da_ocorrencia;tipo_de_ocorrencia;km;trecho;sentido;tipo_de_acidente;automovel;bicicleta;caminhao;moto;onibus;outros;tracao_animal;transporte_de_cargas_especiais;trator_maquinas;utilitarios;ilesos;levemente_feridos;moderadamente_feridos;gravemente_feridos;mortos
"03/12/2025";"10:20:00";"194";"Sem vítima";"821,350";"BR-365/MG";"Crescente";"Colisão traseira";0;0;0;0;0;0;0;0;0;2;2;0;0;0;0
"04/12/2025";"10:14:00";"174";"Sem vítima";"688,000";"BR-365/MG";"Decrescente";"Colisão traseira";0;0;0;0;0;2;0;0;0;0;2;0;0;0;0
"04/12/2025";"15:02:00";"251";"Com vítima";"672,740";"BR-365/MG";"Decrescente";"Capotamento";0;0;1;0;0;0;0;0;0;1;3;0;1;0;0
"04/12/2025";"15:20:00";"257";"Sem vítima";"680,000";"BR-365/MG";"Decrescente";"Colisão lateral no mesmo sentido";1;0;0;0;0;0;0;0;0;1;2;0;0;0;0
"05/12/2025";"10:38:00";"208";"Sem vítima";"704,350";"BR-365/MG";"Crescente";"Colisão traseira";1;0;0;0;0;1;0;0;0;0;2;0;0;0;0
"05/12/2025";"20:25:00";"399";"Sem vítima";"826,200";"BR-365/MG";"Decrescente";"Atropelamento de animal";0;0;0;0;0;0;0;0;0;1;1;0;0;0;0
"05/12/2025";"20:54:00";"408";"Sem vítima";"92,000";"BR-364/GO";"Decrescente";"Colisão traseira";1;0;1;0;0;0;0;0;0;0;3;0;0;0;0
"06/12/2025";"00:36:00";"4";"Com vítima";"76,209";"BR-364/GO";"Crescente";"Atropelamento de animal";1;0;0;0;0;0;0;0;0;0;0;1;0;0;0
"06/12/2025";"00:47:00";"7";"Sem vítima";"684,670";"BR-365/MG";"Crescente";"Choque";1;0;0;0;0;0;0;0;0;0;2;0;0;0;0
"06/12/2025";"05:30:00";"27";"Sem vítima";"55,100";"BR-364/GO";"Crescente";"Capotamento";1;0;0;0;0;0;0;0;0;0;1;0;0;0;0
"06/12/2025";"07:03:00";"61";"Com vítima";"12,580";"BR-364/GO";"Crescente";"Colisão traseira";0;0;0;0;0;1;0;0;0;1;1;2;0;0;0
"07/12/2025";"05:00:00";"17";"Com vítima";"766,500";"BR-365/MG";"Crescente";"Choque";1;0;0;0;0;0;0;0;0;0;0;1;0;1;0
"07/12/2025";"08:46:00";"73";"Sem vítima";"704,350";"BR-365/MG";"Decrescente";"Choque";1;0;0;0;0;0;0;0;0;0;1;0;0;0;0
"07/12/2025";"15:08:00";"191";"Com vítima";"21,000";"BR-364/GO";"Crescente";"Queda de moto";0;0;0;1;0;0;0;0;0;0;0;1;0;0;0
"10/12/2025";"20:48:00";"334";"Sem vítima";"822,100";"BR-365/MG";"Crescente";"Atropelamento de animal";1;0;0;0;0;0;0;0;0;0;2;0;0;0;0
"11/12/2025";"00:01:00";"1";"Sem vítima";"642,809";"BR-365/MG";"Decrescente";"Choque";0;0;0;0;0;0;0;0;0;1;1;0;0;0;0
"12/12/2025";"13:27:00";"282";"Com vítima";"182,850";"BR-364/GO";"Decrescente";"Tombamento";0;0;1;0;0;0;0;0;0;0;0;1;0;0;0
"13/12/2025";"00:55:00";"3";"Sem vítima";"30,000";"BR-364/GO";"Decrescente";"Atropelamento de animal";1;0;0;0;0;0;0;0;0;0;1;0;0;0;0
"13/12/2025";"16:22:00";"279";"Com vítima";"35,200";"BR-364/GO";"Decrescente";"Colisão frontal";1;0;0;0;0;1;0;0;0;0;1;0;0;2;0
"14/12/2025";"04:35:00";"19";"Com vítima";"811,500";"BR-365/MG";"Crescente";"Tombamento";0;0;1;0;0;0;0;0;0;0;0;1;0;0;0
"14/12/2025";"06:47:00";"37";"Com vítima";"59,400";"BR-364/GO";"Crescente";"Queda de moto";0;0;0;1;0;0;0;0;0;0;0;1;0;0;0
"14/12/2025";"17:35:00";"209";"Sem vítima";"650,050";"BR-365/MG";"Decrescente";"Choque";1;0;0;0;0;0;0;0;0;0;5;0;0;0;0
"14/12/2025";"18:32:00";"231";"Sem vítima";"627,500";"BR-365/MG";"Crescente";"Choque";1;0;0;0;0;0;0;0;0;0;2;0;0;0;0
"14/12/2025";"23:41:00";"294";"Com vítima";"91,000";"BR-364/GO";"Crescente";"Queda de moto";0;0;0;1;0;0;0;0;0;0;0;1;0;0;0
"16/12/2025";"14:39:00";"276";"Sem vítima";"679,000";"BR-365/MG";"Crescente";"Choque";0;0;0;0;0;1;0;0;0;0;1;0;0;0;0
"16/12/2025";"16:21:00";"315";"Com vítima";"664,000";"BR-365/MG";"Crescente";"Colisão lateral no mesmo sentido";0;0;1;0;0;0;0;0;0;1;1;2;0;0;0
"16/12/2025";"20:19:00";"383";"Sem vítima";"88,500";"BR-364/GO";"Crescente";"Atropelamento de animal";1;0;0;0;0;0;0;0;0;0;2;0;0;0;0
"17/12/2025";"06:55:00";"83";"Sem vítima";"791,300";"BR-365/MG";"Crescente";"Choque";0;0;0;0;0;1;0;0;0;0;1;0;0;0;0
"18/12/2025";"13:09:00";"242";"Sem vítima";"659,000";"BR-365/MG";"Crescente";"Choque";1;0;0;0;0;0;0;0;0;0;1;0;0;0;0
"18/12/2025";"18:01:00";"344";"Com vítima";"626,540";"BR-365/MG";"Crescente";"Colisão transversal";1;0;0;0;0;0;0;0;0;1;9;1;0;0;0
"18/12/2025";"22:52:00";"406";"Com vítima";"780,000";"BR-365/MG";"Crescente";"Colisão transversal";1;0;0;0;0;0;0;0;0;1;2;4;0;0;0
"20/12/2025";"11:02:00";"217";"Com vítima";"646,000";"BR-365/MG";"Crescente";"Choque";1;0;0;0;0;0;0;0;0;0;0;1;0;0;0
"20/12/2025";"20:57:00";"441";"Sem vítima";"685,000";"BR-365/MG";"Decrescente";"Choque";0;0;0;0;0;0;0;0;0;1;1;0;0;0;0
"20/12/2025";"21:44:00";"452";"Sem vítima";"106,530";"BR-364/GO";"Crescente";"Atropelamento de animal";1;0;0;0;0;0;0;0;0;0;1;0;0;0;0
"20/12/2025";"21:54:00";"456";"Sem vítima";"823,290";"BR-365/MG";"Decrescente";"Atropelamento de animal";1;0;0;0;0;0;0;0;0;0;2;0;0;0;0
"21/12/2025";"06:34:00";"55";"Com vítima";"749,450";"BR-365/MG";"Decrescente";"Queda de moto";0;0;0;1;0;0;0;0;0;0;0;0;1;0;0
"21/12/2025";"11:50:00";"140";"Sem vítima";"184,780";"BR-364/GO";"Crescente";"Choque";0;0;0;0;0;0;0;0;0;1;1;0;0;0;0
"22/12/2025";"10:43:00";"187";"Com vítima";"660,940";"BR-365/MG";"Crescente";"Tombamento";0;0;0;0;0;1;0;0;0;0;0;0;1;0;0
"22/12/2025";"13:11:00";"235";"Com vítima";"814,000";"BR-365/MG";"Crescente";"Capotamento";1;0;0;0;0;0;0;0;0;0;0;1;0;0;0
"22/12/2025";"15:57:00";"282";"Sem vítima";"0,800";"BR-364/GO";"Crescente";"Colisão lateral no mesmo sentido";1;0;0;0;0;1;0;0;0;0;2;0;0;0;0
"23/12/2025";"06:39:00";"67";"Sem vítima";"704,000";"BR-365/MG";"Decrescente";"Colisão frontal";0;0;1;0;0;1;0;0;0;0;2;0;0;0;0
"24/12/2025";"19:40:00";"375";"Sem vítima";"31,000";"BR-364/GO";"Crescente";"Atropelamento de animal";1;0;0;0;0;0;0;0;0;0;2;0;0;0;0
"24/12/2025";"19:58:00";"377";"Com vítima";"746,330";"BR-365/MG";"Crescente";"Colisão traseira";0;0;0;1;0;0;0;0;0;1;2;0;0;1;1
"25/12/2025";"20:21:00";"221";"Sem vítima";"76,360";"BR-364/GO";"Crescente";"Atropelamento de animal";1;0;0;0;0;0;0;0;0;0;3;0;0;0;0
"25/12/2025";"20:45:00";"224";"Sem vítima";"96,000";"BR-364/GO";"Crescente";"Choque";0;0;0;0;0;0;0;0;0;1;1;0;0;0;0
"26/12/2025";"05:32:00";"22";"Sem vítima";"129,250";"BR-364/GO";"Crescente";"Atropelamento de animal";1;0;0;0;0;0;0;0;0;0;1;0;0;0;0
"26/12/2025";"23:41:00";"351";"Com vítima";"16,400";"BR-364/GO";"Decrescente";"Atropelamento de animal";1;0;0;0;0;0;0;0;0;0;0;1;0;0;0
"27/12/2025";"00:17:00";"3";"Sem vítima";"181,000";"BR-364/GO";"Decrescente";"Atropelamento de animal";1;0;0;0;0;0;0;0;0;0;4;0;0;0;0
"27/12/2025";"01:18:00";"9";"Sem vítima";"838,000";"BR-365/MG";"Decrescente";"Atropelamento de animal";1;0;0;0;0;0;0;0;0;0;5;0;0;0;0
"27/12/2025";"05:41:00";"31";"Sem vítima";"148,050";"BR-364/GO";"Decrescente";"Atropelamento de animal";1;0;0;0;0;0;0;0;0;0;4;0;0;0;0
"27/12/2025";"15:49:00";"237";"Sem vítima";"726,000";"BR-365/MG";"Decrescente";"Choque";0;0;0;0;0;0;0;0;0;1;5;0;0;0;0
"27/12/2025";"17:17:00";"270";"Sem vítima";"631,460";"BR-365/MG";"Decrescente";"Colisão lateral no mesmo sentido";1;0;0;0;0;1;0;0;0;0;3;0;0;0;0
"27/12/2025";"21:24:00";"322";"Com vítima";"653,000";"BR-365/MG";"Decrescente";"Colisão traseira";0;0;1;0;0;1;0;0;0;0;1;1;0;0;0
"28/12/2025";"04:40:00";"45";"Sem vítima";"744,400";"BR-365/MG";"Decrescente";"Atropelamento de animal";1;0;0;0;0;0;0;0;0;0;2;0;0;0;0
"28/12/2025";"14:12:00";"248";"Sem vítima";"159,390";"BR-364/GO";"Decrescente";"Choque";1;0;0;0;0;0;0;0;0;0;2;0;0;0;0
"29/12/2025";"05:36:00";"66";"Sem vítima";"828,500";"BR-365/MG";"Crescente";"Choque";0;0;0;0;0;0;0;0;0;1;3;0;0;0;0
"29/12/2025";"17:13:00";"330";"Sem vítima";"679,130";"BR-365/MG";"Crescente";"Choque";0;0;0;0;0;1;0;0;0;0;1;0;0;0;0
"30/12/2025";"05:33:00";"49";"Sem vítima";"670,200";"BR-365/MG";"Crescente";"Atropelamento de pedestre";1;0;0;0;0;0;0;0;0;0;4;0;0;0;0
"30/12/2025";"18:19:00";"362";"Sem vítima";"15,700";"BR-364/GO";"Crescente";"Capotamento";1;0;0;0;0;0;0;0;0;0;4;0;0;0;0
"30/12/2025";"20:10:00";"398";"Sem vítima";"680,000";"BR-365/MG";"Decrescente";"Choque";1;0;0;0;0;0;0;0;0;0;5;0;0;0;0
"31/12/2025";"18:46:00";"382";"Com vítima";"860,150";"BR-365/MG";"Decrescente";"Choque";0;0;0;1;0;0;0;0;0;0;0;0;1;0;0
"01/01/2026";"00:38:00";"6";"Sem vítima";"661,000";"BR-365/MG";"Decrescente";"Atropelamento de animal";1;0;0;0;0;0;0;0;0;0;3;0;0;0;0
"01/01/2026";"07:15:00";"59";"Com vítima";"789,450";"BR-365/MG";"Decrescente";"Queda de moto";0;0;0;1;0;0;0;0;0;0;0;0;1;0;0
"02/01/2026";"00:51:00";"8";"Com vítima";"149,600";"BR-364/GO";"Crescente";"Atropelamento de animal";0;0;0;1;0;0;0;0;0;0;0;1;0;0;0
"02/01/2026";"12:37:00";"189";"Sem vítima";"626,600";"BR-365/MG";"Decrescente";"Colisão traseira";2;0;0;0;0;0;0;0;0;0;4;0;0;0;0
"03/01/2026";"02:59:00";"27";"Sem vítima";"645,500";"BR-365/MG";"Crescente";"Choque";0;0;0;0;0;1;0;0;0;0;1;0;0;0;0
"03/01/2026";"22:31:00";"363";"Sem vítima";"756,530";"BR-365/MG";"Crescente";"Choque";1;0;0;0;0;0;0;0;0;0;2;0;0;0;0
"04/01/2026";"05:26:00";"41";"Sem vítima";"72,000";"BR-364/GO";"Decrescente";"Capotamento";0;0;0;0;0;0;0;0;0;1;1;0;0;0;0
"04/01/2026";"06:54:00";"57";"Com vítima";"787,750";"BR-365/MG";"Decrescente";"Choque";1;0;0;0;0;0;0;0;0;0;0;1;0;0;0
"05/01/2026";"06:10:00";"65";"Sem vítima";"792,750";"BR-365/MG";"Decrescente";"Choque";1;0;0;0;0;0;0;0;0;0;3;0;0;0;0
"06/01/2026";"16:49:00";"323";"Sem vítima";"33,800";"BR-364/GO";"Decrescente";"Tombamento";0;0;0;0;0;1;0;0;0;0;1;0;0;0;0
"08/01/2026";"12:09:00";"257";"Sem vítima";"755,950";"BR-365/MG";"Crescente";"Colisão traseira";0;0;1;0;0;0;0;0;0;1;2;0;0;0;0
"09/01/2026";"09:30:00";"153";"Com vítima";"687,000";"BR-365/MG";"Crescente";"Capotamento";1;0;0;0;0;0;0;0;0;0;0;2;0;0;0
"10/01/2026";"05:06:00";"38";"Sem vítima";"786,000";"BR-365/MG";"Crescente";"Atropelamento de animal";1;0;0;0;0;0;0;0;0;0;3;0;0;0;0
"11/01/2026";"12:01:00";"157";"Sem vítima";"5,430";"BR-364/GO";"Crescente";"Colisão lateral no mesmo sentido";1;0;0;0;0;0;0;0;0;1;3;0;0;0;0
"13/01/2026";"18:51:00";"352";"Sem vítima";"655,000";"BR-365/MG";"Decrescente";"Atropelamento de animal";1;0;0;0;0;0;0;0;0;0;3;0;0;0;0
"14/01/2026";"14:42:00";"286";"Sem vítima";"5,400";"BR-364/GO";"Crescente";"Choque";1;0;0;0;0;0;0;0;0;0;3;0;0;0;0
"16/01/2026";"01:54:00";"14";"Sem vítima";"643,200";"BR-365/MG";"Decrescente";"Choque";1;0;0;0;0;0;0;0;0;0;1;0;0;0;0
"17/01/2026";"15:30:00";"246";"Sem vítima";"638,000";"BR-365/MG";"Decrescente";"Choque";1;0;0;0;0;0;0;0;0;0;2;0;0;0;0
"17/01/2026";"21:28:00";"330";"Com vítima";"42,500";"BR-364/GO";"Crescente";"Colisão frontal";1;0;0;0;0;1;0;0;0;0;3;0;0;0;4
"18/01/2026";"05:45:00";"30";"Sem vítima";"697,600";"BR-365/MG";"Crescente";"Choque";0;0;0;0;0;0;0;0;0;1;1;0;0;0;0
"18/01/2026";"20:36:00";"231";"Com vítima";"643,100";"BR-365/MG";"Decrescente";"Atropelamento de pedestre";0;0;0;0;0;0;0;0;0;1;0;1;0;0;0
"19/01/2026";"05:22:00";"24";"Sem vítima";"764,000";"BR-365/MG";"Decrescente";"Choque";1;0;0;0;0;0;0;0;0;0;1;0;0;0;0
"19/01/2026";"22:12:00";"315";"Sem vítima";"636,000";"BR-365/MG";"Decrescente";"Colisão traseira";0;0;0;0;0;1;0;0;0;1;2;0;0;0;0
"20/01/2026";"20:21:00";"393";"Sem vítima";"662,800";"BR-365/MG";"Crescente";"Choque";0;0;0;0;0;0;0;0;0;1;1;0;0;0;0
"20/01/2026";"21:59:00";"414";"Com vítima";"658,000";"BR-365/MG";"Decrescente";"Colisão traseira";1;0;1;0;0;0;0;0;0;0;1;1;1;0;0
"22/01/2026";"12:21:00";"198";"Sem vítima";"694,100";"BR-365/MG";"Decrescente";"Capotamento";0;0;0;0;0;1;0;0;0;1;2;0;0;0;0
"22/01/2026";"17:12:00";"277";"Sem vítima";"637,000";"BR-365/MG";"Decrescente";"Choque";1;0;0;0;0;0;0;0;0;0;3;0;0;0;0
"23/01/2026";"00:13:00";"6";"Sem vítima";"788,140";"BR-365/MG";"Decrescente";"Atropelamento de animal";0;0;0;0;0;1;0;0;0;0;1;0;0;0;0
"23/01/2026";"08:18:00";"134";"Sem vítima";"628,500";"BR-365/MG";"Crescente";"Colisão traseira";1;0;0;0;0;1;0;0;0;0;2;0;0;0;0
"23/01/2026";"16:35:00";"340";"Com vítima";"20,600";"BR-364/GO";"Crescente";"Queda de moto";0;0;0;1;0;0;0;0;0;0;1;0;1;0;0
"23/01/2026";"19:18:00";"383";"Sem vítima";"696,700";"BR-365/MG";"Crescente";"Choque";1;0;0;0;0;0;0;0;0;0;1;0;0;0;0
"25/01/2026";"14:23:00";"162";"Com vítima";"856,000";"BR-365/MG";"Crescente";"Colisão lateral em sentido contrário";0;0;0;0;0;1;0;0;0;1;0;0;0;0;3
"26/01/2026";"13:46:00";"269";"Com vítima";"705,350";"BR-365/MG";"Crescente";"Capotamento";0;0;0;0;0;0;0;0;0;1;0;1;0;0;0
"26/01/2026";"15:19:00";"302";"Sem vítima";"681,610";"BR-365/MG";"Decrescente";"Choque";1;0;0;0;0;0;0;0;0;0;4;0;0;0;0
"26/01/2026";"15:47:00";"311";"Com vítima";"752,490";"BR-365/MG";"Decrescente";"Colisão transversal";0;0;1;0;0;0;0;0;0;1;0;1;1;0;0
"27/01/2026";"13:03:00";"235";"Sem vítima";"190,000";"BR-364/GO";"Decrescente";"Colisão traseira";1;0;0;0;0;0;0;0;0;1;3;0;0;0;0
"27/01/2026";"18:56:00";"328";"Sem vítima";"627,679";"BR-365/MG";"Crescente";"Choque";1;0;0;0;0;0;0;0;0;0;4;0;0;0;0
"27/01/2026";"19:21:00";"335";"Com vítima";"626,120";"BR-365/MG";"Crescente";"Atropelamento de pedestre";0;0;0;0;0;1;0;0;0;0;1;0;0;1;0
"29/01/2026";"14:15:00";"234";"Com vítima";"835,950";"BR-365/MG";"Crescente";"Colisão traseira";2;0;0;0;0;0;0;0;0;0;2;1;0;0;0
"30/01/2026";"18:02:00";"320";"Sem vítima";"804,110";"BR-365/MG";"Crescente";"Colisão lateral no mesmo sentido";1;0;0;0;0;1;0;0;0;1;5;0;0;0;0
"31/01/2026";"09:22:00";"140";"Com vítima";"681,300";"BR-365/MG";"Crescente";"Colisão traseira";0;0;0;0;0;1;0;0;0;1;1;1;0;0;0
"31/01/2026";"23:57:00";"390";"Sem vítima";"143,050";"BR-364/GO";"Decrescente";"Atropelamento de animal";1;0;0;0;0;0;0;0;0;0;1;0;0;0;0
"02/02/2026";"02:11:00";"15";"Com vítima";"163,610";"BR-364/GO";"Crescente";"Capotamento";1;0;0;0;0;0;0;0;0;0;0;0;1;0;0
"02/02/2026";"08:21:00";"147";"Sem vítima";"680,200";"BR-365/MG";"Crescente";"Colisão lateral no mesmo sentido";1;0;0;0;0;1;0;0;0;0;2;0;0;0;0
"02/02/2026";"20:15:00";"388";"Sem vítima";"40,980";"BR-364/GO";"Crescente";"Atropelamento de animal";1;0;0;0;0;0;0;0;0;0;2;0;0;0;0
"03/02/2026";"16:35:00";"303";"Sem vítima";"798,290";"BR-365/MG";"Crescente";"Choque";1;0;0;0;0;0;0;0;0;0;1;0;0;0;0
"03/02/2026";"18:58:00";"340";"Sem vítima";"680,480";"BR-365/MG";"Decrescente";"Choque";1;0;0;0;0;0;0;0;0;0;1;0;0;0;0
"03/02/2026";"20:53:00";"368";"Com vítima";"819,800";"BR-365/MG";"Crescente";"Choque";1;0;0;0;0;0;0;0;0;0;0;1;0;0;0
"03/02/2026";"21:23:00";"374";"Sem vítima";"819,840";"BR-365/MG";"Crescente";"Choque";0;0;0;0;0;0;0;0;0;1;1;0;0;0;0
"04/02/2026";"08:40:00";"128";"Com vítima";"636,920";"BR-365/MG";"Decrescente";"Atropelamento de pedestre";1;0;0;0;0;0;0;0;0;0;2;0;1;0;0
"05/02/2026";"23:09:00";"444";"Sem vítima";"686,000";"BR-365/MG";"Crescente";"Choque";1;0;0;0;0;0;0;0;0;0;1;0;0;0;0
"06/02/2026";"04:51:00";"24";"Sem vítima";"680,000";"BR-365/MG";"Crescente";"Atropelamento de animal";0;0;0;0;0;0;0;0;0;1;2;0;0;0;0
"06/02/2026";"17:20:00";"330";"Com vítima";"120,000";"BR-364/GO";"Decrescente";"Colisão lateral em sentido contrário";0;0;0;0;0;2;0;0;0;0;1;1;0;0;0
"06/02/2026";"17:55:00";"342";"Com vítima";"828,000";"BR-365/MG";"Crescente";"Colisão frontal";2;0;0;0;0;0;0;0;0;0;1;1;0;0;0
"07/02/2026";"15:13:00";"242";"Sem vítima";"185,810";"BR-364/GO";"Crescente";"Choque";1;0;0;0;0;0;0;0;0;0;1;0;0;0;0
"07/02/2026";"18:56:00";"294";"Sem vítima";"648,980";"BR-365/MG";"Crescente";"Tombamento";0;0;1;0;0;0;0;0;0;0;1;0;0;0;0
"07/02/2026";"23:04:00";"340";"Sem vítima";"832,000";"BR-365/MG";"Decrescente";"Atropelamento de animal";1;0;0;0;0;0;0;0;0;0;3;0;0;0;0
"08/02/2026";"10:29:00";"81";"Sem vítima";"664,900";"BR-365/MG";"Decrescente";"Choque";0;0;0;0;0;0;0;0;0;1;2;0;0;0;0
"08/02/2026";"12:27:00";"113";"Sem vítima";"701,700";"BR-365/MG";"Decrescente";"Capotamento";0;0;0;0;0;0;0;0;0;1;3;0;0;0;0
"08/02/2026";"20:00:00";"214";"Com vítima";"113,500";"BR-364/GO";"Crescente";"Colisão lateral em sentido contrário";2;0;1;0;0;0;0;0;0;0;1;0;0;5;0
"09/02/2026";"07:37:00";"104";"Sem vítima";"16,280";"BR-364/GO";"Crescente";"Capotamento";0;0;1;0;0;0;0;0;0;0;1;0;0;0;0
"10/02/2026";"15:56:00";"349";"Com vítima";"792,920";"BR-365/MG";"Decrescente";"Choque";1;0;0;0;0;0;0;0;0;0;0;1;0;0;0
"10/02/2026";"23:12:00";"475";"Sem vítima";"626,000";"BR-365/MG";"Decrescente";"Colisão traseira";0;0;0;0;0;1;0;0;0;1;3;0;0;0;0
"11/02/2026";"15:31:00";"370";"Com vítima";"632,750";"BR-365/MG";"Decrescente";"Choque";1;0;0;0;0;1;0;0;0;0;0;1;0;0;0
"12/02/2026";"23:44:00";"424";"Com vítima";"163,760";"BR-364/GO";"Crescente";"Choque";0;0;0;0;0;1;0;0;0;0;0;1;0;0;0
"13/02/2026";"05:11:00";"34";"Sem vítima";"125,000";"BR-364/GO";"Decrescente";"Choque";0;0;0;0;0;1;0;0;0;0;1;0;0;0;0
"13/02/2026";"19:26:00";"419";"Sem vítima";"830,010";"BR-365/MG";"Decrescente";"Atropelamento de animal";1;0;0;0;0;0;0;0;0;0;5;0;0;0;0
"13/02/2026";"19:50:00";"430";"Sem vítima";"153,000";"BR-364/GO";"Decrescente";"Choque";0;0;0;0;0;0;0;0;0;1;1;0;0;0;0
"14/02/2026";"06:46:00";"66";"Com vítima";"765,980";"BR-365/MG";"Decrescente";"Colisão traseira";1;0;0;0;0;0;0;0;0;1;1;1;0;0;0
"14/02/2026";"11:44:00";"205";"Sem vítima";"638,580";"BR-365/MG";"Decrescente";"Colisão traseira";1;0;0;0;0;1;0;0;0;1;2;0;0;0;0
"15/02/2026";"10:44:00";"156";"Sem vítima";"680,900";"BR-365/MG";"Decrescente";"Capotamento";1;0;0;0;0;0;0;0;0;0;1;0;0;0;0
"15/02/2026";"19:50:00";"335";"Sem vítima";"808,420";"BR-365/MG";"Crescente";"Atropelamento de animal";1;0;0;0;0;0;0;0;0;0;3;0;0;0;0
"15/02/2026";"20:55:00";"351";"Sem vítima";"36,000";"BR-364/GO";"Decrescente";"Choque";1;0;0;0;0;0;0;0;0;0;5;0;0;0;0
"16/02/2026";"11:56:00";"217";"Sem vítima";"747,700";"BR-365/MG";"Crescente";"Colisão lateral em sentido contrário";0;0;0;0;0;1;0;0;0;1;2;0;0;0;0
"16/02/2026";"14:45:00";"260";"Com vítima";"19,000";"BR-364/GO";"Decrescente";"Queda de moto";0;0;0;1;0;0;0;0;0;0;0;1;0;0;0
"17/02/2026";"21:17:00";"394";"Sem vítima";"715,200";"BR-365/MG";"Crescente";"Choque";1;0;0;0;0;0;0;0;0;0;1;0;0;0;0
"17/02/2026";"22:40:00";"411";"Com vítima";"689,530";"BR-365/MG";"Crescente";"Colisão traseira";1;0;0;0;0;1;0;0;0;0;1;1;0;0;0
"20/02/2026";"04:39:00";"18";"Sem vítima";"654,500";"BR-365/MG";"Decrescente";"Choque";0;0;0;0;0;1;0;0;0;0;1;0;0;0;0
"20/02/2026";"05:50:00";"29";"Sem vítima";"799,501";"BR-365/MG";"Crescente";"Tombamento";0;0;0;0;0;1;0;0;0;0;1;0;0;0;0
"21/02/2026";"14:23:00";"230";"Sem vítima";"782,000";"BR-365/MG";"Decrescente";"Atropelamento de animal";1;0;0;0;0;0;0;0;0;0;1;0;0;0;0
"22/02/2026";"02:03:00";"10";"Sem vítima";"755,580";"BR-365/MG";"Decrescente";"Colisão traseira";1;0;0;0;0;1;0;0;0;0;2;0;0;0;0
"22/02/2026";"18:54:00";"268";"Com vítima";"751,800";"BR-365/MG";"Crescente";"Choque";1;0;0;0;0;0;0;0;0;0;1;1;0;0;0
"22/02/2026";"20:00:00";"286";"Sem vítima";"670,220";"BR-365/MG";"Crescente";"Atropelamento de animal";1;0;0;0;0;0;0;0;0;0;1;0;0;0;0
"23/02/2026";"22:59:00";"363";"Sem vítima";"754,580";"BR-365/MG";"Decrescente";"Colisão lateral em sentido contrário";1;0;0;0;0;1;0;0;0;1;3;0;0;0;0
"24/02/2026";"07:48:00";"104";"Sem vítima";"704,000";"BR-365/MG";"Crescente";"Colisão traseira";0;0;1;0;0;0;0;0;0;1;2;0;0;0;0
"24/02/2026";"23:26:00";"378";"Com vítima";"695,050";"BR-365/MG";"Decrescente";"Colisão lateral no mesmo sentido";0;0;0;0;0;1;0;0;0;1;1;2;0;0;0
"25/02/2026";"02:30:00";"12";"Sem vítima";"652,000";"BR-365/MG";"Decrescente";"Choque";0;0;0;0;0;1;0;0;0;0;1;0;0;0;0
"25/02/2026";"04:35:00";"16";"Sem vítima";"678,280";"BR-365/MG";"Crescente";"Choque";0;0;1;0;0;0;0;0;0;0;1;0;0;0;0
"26/02/2026";"02:12:00";"10";"Com vítima";"85,800";"BR-364/GO";"Decrescente";"Choque";0;0;0;0;0;0;0;0;0;1;0;1;0;0;0
"26/02/2026";"05:48:00";"45";"Com vítima";"749,500";"BR-365/MG";"Crescente";"Queda de moto";0;0;0;1;0;0;0;0;0;0;0;1;0;0;0
"26/02/2026";"16:25:00";"315";"Sem vítima";"657,000";"BR-365/MG";"Decrescente";"Tombamento";0;0;0;0;0;1;0;0;0;0;1;0;0;0;0
"26/02/2026";"22:40:00";"394";"Sem vítima";"645,600";"BR-365/MG";"Decrescente";"Choque";0;0;0;0;0;1;0;0;0;0;1;0;0;0;0
"27/02/2026";"03:41:00";"30";"Sem vítima";"855,000";"BR-365/MG";"Decrescente";"Atropelamento de animal";0;0;0;0;0;1;0;0;0;0;1;0;0;0;0
"27/02/2026";"17:06:00";"355";"Sem vítima";"627,000";"BR-365/MG";"Crescente";"Queda de moto";0;0;0;1;0;0;0;0;0;0;1;0;0;0;0
"28/02/2026";"07:05:00";"71";"Sem vítima";"751,000";"BR-365/MG";"Crescente";"Colisão lateral no mesmo sentido";1;0;0;0;0;1;0;0;0;0;2;0;0;0;0